SET ANSI_NULLS ON
GO
SET QUOTED_IDENTIFIER ON
GO
CREATE TABLE [dbo].[cmsContentNu](
	[nodeId] [int] NOT NULL,
	[published] [bit] NOT NULL,
	[data] [ntext] COLLATE SQL_Latin1_General_CP1_CI_AS NOT NULL,
	[rv] [bigint] NOT NULL,
 CONSTRAINT [PK_cmsContentNu] PRIMARY KEY CLUSTERED 
(
	[nodeId] ASC,
	[published] ASC
)WITH (PAD_INDEX = OFF, STATISTICS_NORECOMPUTE = OFF, IGNORE_DUP_KEY = OFF, ALLOW_ROW_LOCKS = ON, ALLOW_PAGE_LOCKS = ON)
)

GO
SET ANSI_NULLS ON
GO
SET QUOTED_IDENTIFIER ON
GO
CREATE TABLE [dbo].[cmsContentType](
	[pk] [int] IDENTITY(1,1) NOT NULL,
	[nodeId] [int] NOT NULL,
	[alias] [nvarchar](255) COLLATE SQL_Latin1_General_CP1_CI_AS NULL,
	[icon] [nvarchar](255) COLLATE SQL_Latin1_General_CP1_CI_AS NULL,
	[thumbnail] [nvarchar](255) COLLATE SQL_Latin1_General_CP1_CI_AS NOT NULL,
	[description] [nvarchar](1500) COLLATE SQL_Latin1_General_CP1_CI_AS NULL,
	[isContainer] [bit] NOT NULL,
	[isElement] [bit] NOT NULL,
	[allowAtRoot] [bit] NOT NULL,
	[variations] [int] NOT NULL,
 CONSTRAINT [PK_cmsContentType] PRIMARY KEY CLUSTERED 
(
	[pk] ASC
)WITH (PAD_INDEX = OFF, STATISTICS_NORECOMPUTE = OFF, IGNORE_DUP_KEY = OFF, ALLOW_ROW_LOCKS = ON, ALLOW_PAGE_LOCKS = ON)
)

GO
SET ANSI_NULLS ON
GO
SET QUOTED_IDENTIFIER ON
GO
CREATE TABLE [dbo].[cmsContentType2ContentType](
	[parentContentTypeId] [int] NOT NULL,
	[childContentTypeId] [int] NOT NULL,
 CONSTRAINT [PK_cmsContentType2ContentType] PRIMARY KEY CLUSTERED 
(
	[parentContentTypeId] ASC,
	[childContentTypeId] ASC
)WITH (PAD_INDEX = OFF, STATISTICS_NORECOMPUTE = OFF, IGNORE_DUP_KEY = OFF, ALLOW_ROW_LOCKS = ON, ALLOW_PAGE_LOCKS = ON)
)

GO
SET ANSI_NULLS ON
GO
SET QUOTED_IDENTIFIER ON
GO
CREATE TABLE [dbo].[cmsContentTypeAllowedContentType](
	[Id] [int] NOT NULL,
	[AllowedId] [int] NOT NULL,
	[SortOrder] [int] NOT NULL,
 CONSTRAINT [PK_cmsContentTypeAllowedContentType] PRIMARY KEY CLUSTERED 
(
	[Id] ASC,
	[AllowedId] ASC
)WITH (PAD_INDEX = OFF, STATISTICS_NORECOMPUTE = OFF, IGNORE_DUP_KEY = OFF, ALLOW_ROW_LOCKS = ON, ALLOW_PAGE_LOCKS = ON)
)

GO
SET ANSI_NULLS ON
GO
SET QUOTED_IDENTIFIER ON
GO
CREATE TABLE [dbo].[cmsDictionary](
	[pk] [int] IDENTITY(1,1) NOT NULL,
	[id] [uniqueidentifier] NOT NULL,
	[parent] [uniqueidentifier] NULL,
	[key] [nvarchar](450) COLLATE SQL_Latin1_General_CP1_CI_AS NOT NULL,
 CONSTRAINT [PK_cmsDictionary] PRIMARY KEY CLUSTERED 
(
	[pk] ASC
)WITH (PAD_INDEX = OFF, STATISTICS_NORECOMPUTE = OFF, IGNORE_DUP_KEY = OFF, ALLOW_ROW_LOCKS = ON, ALLOW_PAGE_LOCKS = ON)
)

GO
SET ANSI_NULLS ON
GO
SET QUOTED_IDENTIFIER ON
GO
CREATE TABLE [dbo].[cmsDocumentType](
	[contentTypeNodeId] [int] NOT NULL,
	[templateNodeId] [int] NOT NULL,
	[IsDefault] [bit] NOT NULL,
 CONSTRAINT [PK_cmsDocumentType] PRIMARY KEY CLUSTERED 
(
	[contentTypeNodeId] ASC,
	[templateNodeId] ASC
)WITH (PAD_INDEX = OFF, STATISTICS_NORECOMPUTE = OFF, IGNORE_DUP_KEY = OFF, ALLOW_ROW_LOCKS = ON, ALLOW_PAGE_LOCKS = ON)
)

GO
SET ANSI_NULLS ON
GO
SET QUOTED_IDENTIFIER ON
GO
CREATE TABLE [dbo].[cmsLanguageText](
	[pk] [int] IDENTITY(1,1) NOT NULL,
	[languageId] [int] NOT NULL,
	[UniqueId] [uniqueidentifier] NOT NULL,
	[value] [nvarchar](1000) COLLATE SQL_Latin1_General_CP1_CI_AS NOT NULL,
 CONSTRAINT [PK_cmsLanguageText] PRIMARY KEY CLUSTERED 
(
	[pk] ASC
)WITH (PAD_INDEX = OFF, STATISTICS_NORECOMPUTE = OFF, IGNORE_DUP_KEY = OFF, ALLOW_ROW_LOCKS = ON, ALLOW_PAGE_LOCKS = ON)
)

GO
SET ANSI_NULLS ON
GO
SET QUOTED_IDENTIFIER ON
GO
CREATE TABLE [dbo].[cmsMacro](
	[id] [int] IDENTITY(1,1) NOT NULL,
	[uniqueId] [uniqueidentifier] NOT NULL,
	[macroUseInEditor] [bit] NOT NULL,
	[macroRefreshRate] [int] NOT NULL,
	[macroAlias] [nvarchar](255) COLLATE SQL_Latin1_General_CP1_CI_AS NOT NULL,
	[macroName] [nvarchar](255) COLLATE SQL_Latin1_General_CP1_CI_AS NULL,
	[macroCacheByPage] [bit] NOT NULL,
	[macroCachePersonalized] [bit] NOT NULL,
	[macroDontRender] [bit] NOT NULL,
	[macroSource] [nvarchar](255) COLLATE SQL_Latin1_General_CP1_CI_AS NOT NULL,
	[macroType] [int] NOT NULL,
 CONSTRAINT [PK_cmsMacro] PRIMARY KEY CLUSTERED 
(
	[id] ASC
)WITH (PAD_INDEX = OFF, STATISTICS_NORECOMPUTE = OFF, IGNORE_DUP_KEY = OFF, ALLOW_ROW_LOCKS = ON, ALLOW_PAGE_LOCKS = ON)
)

GO
SET ANSI_NULLS ON
GO
SET QUOTED_IDENTIFIER ON
GO
CREATE TABLE [dbo].[cmsMacroProperty](
	[id] [int] IDENTITY(1,1) NOT NULL,
	[uniquePropertyId] [uniqueidentifier] NOT NULL,
	[editorAlias] [nvarchar](255) COLLATE SQL_Latin1_General_CP1_CI_AS NOT NULL,
	[macro] [int] NOT NULL,
	[macroPropertySortOrder] [int] NOT NULL,
	[macroPropertyAlias] [nvarchar](50) COLLATE SQL_Latin1_General_CP1_CI_AS NOT NULL,
	[macroPropertyName] [nvarchar](255) COLLATE SQL_Latin1_General_CP1_CI_AS NOT NULL,
 CONSTRAINT [PK_cmsMacroProperty] PRIMARY KEY CLUSTERED 
(
	[id] ASC
)WITH (PAD_INDEX = OFF, STATISTICS_NORECOMPUTE = OFF, IGNORE_DUP_KEY = OFF, ALLOW_ROW_LOCKS = ON, ALLOW_PAGE_LOCKS = ON)
)

GO
SET ANSI_NULLS ON
GO
SET QUOTED_IDENTIFIER ON
GO
CREATE TABLE [dbo].[cmsMember](
	[nodeId] [int] NOT NULL,
	[Email] [nvarchar](1000) COLLATE SQL_Latin1_General_CP1_CI_AS NOT NULL,
	[LoginName] [nvarchar](1000) COLLATE SQL_Latin1_General_CP1_CI_AS NOT NULL,
	[Password] [nvarchar](1000) COLLATE SQL_Latin1_General_CP1_CI_AS NOT NULL,
 CONSTRAINT [PK_cmsMember] PRIMARY KEY CLUSTERED 
(
	[nodeId] ASC
)WITH (PAD_INDEX = OFF, STATISTICS_NORECOMPUTE = OFF, IGNORE_DUP_KEY = OFF, ALLOW_ROW_LOCKS = ON, ALLOW_PAGE_LOCKS = ON)
)

GO
SET ANSI_NULLS ON
GO
SET QUOTED_IDENTIFIER ON
GO
CREATE TABLE [dbo].[cmsMember2MemberGroup](
	[Member] [int] NOT NULL,
	[MemberGroup] [int] NOT NULL,
 CONSTRAINT [PK_cmsMember2MemberGroup] PRIMARY KEY CLUSTERED 
(
	[Member] ASC,
	[MemberGroup] ASC
)WITH (PAD_INDEX = OFF, STATISTICS_NORECOMPUTE = OFF, IGNORE_DUP_KEY = OFF, ALLOW_ROW_LOCKS = ON, ALLOW_PAGE_LOCKS = ON)
)

GO
SET ANSI_NULLS ON
GO
SET QUOTED_IDENTIFIER ON
GO
CREATE TABLE [dbo].[cmsMemberType](
	[pk] [int] IDENTITY(1,1) NOT NULL,
	[NodeId] [int] NOT NULL,
	[propertytypeId] [int] NOT NULL,
	[memberCanEdit] [bit] NOT NULL,
	[viewOnProfile] [bit] NOT NULL,
	[isSensitive] [bit] NOT NULL,
 CONSTRAINT [PK_cmsMemberType] PRIMARY KEY CLUSTERED 
(
	[pk] ASC
)WITH (PAD_INDEX = OFF, STATISTICS_NORECOMPUTE = OFF, IGNORE_DUP_KEY = OFF, ALLOW_ROW_LOCKS = ON, ALLOW_PAGE_LOCKS = ON)
)

GO
SET ANSI_NULLS ON
GO
SET QUOTED_IDENTIFIER ON
GO
CREATE TABLE [dbo].[cmsPropertyType](
	[id] [int] IDENTITY(1,1) NOT NULL,
	[dataTypeId] [int] NOT NULL,
	[contentTypeId] [int] NOT NULL,
	[propertyTypeGroupId] [int] NULL,
	[Alias] [nvarchar](255) COLLATE SQL_Latin1_General_CP1_CI_AS NOT NULL,
	[Name] [nvarchar](255) COLLATE SQL_Latin1_General_CP1_CI_AS NULL,
	[sortOrder] [int] NOT NULL,
	[mandatory] [bit] NOT NULL,
	[mandatoryMessage] [nvarchar](500) COLLATE SQL_Latin1_General_CP1_CI_AS NULL,
	[validationRegExp] [nvarchar](255) COLLATE SQL_Latin1_General_CP1_CI_AS NULL,
	[validationRegExpMessage] [nvarchar](500) COLLATE SQL_Latin1_General_CP1_CI_AS NULL,
	[Description] [nvarchar](2000) COLLATE SQL_Latin1_General_CP1_CI_AS NULL,
	[labelOnTop] [bit] NOT NULL,
	[variations] [int] NOT NULL,
	[UniqueID] [uniqueidentifier] NOT NULL,
 CONSTRAINT [PK_cmsPropertyType] PRIMARY KEY CLUSTERED 
(
	[id] ASC
)WITH (PAD_INDEX = OFF, STATISTICS_NORECOMPUTE = OFF, IGNORE_DUP_KEY = OFF, ALLOW_ROW_LOCKS = ON, ALLOW_PAGE_LOCKS = ON)
)

GO
SET ANSI_NULLS ON
GO
SET QUOTED_IDENTIFIER ON
GO
CREATE TABLE [dbo].[cmsPropertyTypeGroup](
	[id] [int] IDENTITY(1,1) NOT NULL,
	[contenttypeNodeId] [int] NOT NULL,
	[text] [nvarchar](255) COLLATE SQL_Latin1_General_CP1_CI_AS NOT NULL,
	[sortorder] [int] NOT NULL,
	[uniqueID] [uniqueidentifier] NOT NULL,
 CONSTRAINT [PK_cmsPropertyTypeGroup] PRIMARY KEY CLUSTERED 
(
	[id] ASC
)WITH (PAD_INDEX = OFF, STATISTICS_NORECOMPUTE = OFF, IGNORE_DUP_KEY = OFF, ALLOW_ROW_LOCKS = ON, ALLOW_PAGE_LOCKS = ON)
)

GO
SET ANSI_NULLS ON
GO
SET QUOTED_IDENTIFIER ON
GO
CREATE TABLE [dbo].[cmsTagRelationship](
	[nodeId] [int] NOT NULL,
	[tagId] [int] NOT NULL,
	[propertyTypeId] [int] NOT NULL,
 CONSTRAINT [PK_cmsTagRelationship] PRIMARY KEY CLUSTERED 
(
	[nodeId] ASC,
	[propertyTypeId] ASC,
	[tagId] ASC
)WITH (PAD_INDEX = OFF, STATISTICS_NORECOMPUTE = OFF, IGNORE_DUP_KEY = OFF, ALLOW_ROW_LOCKS = ON, ALLOW_PAGE_LOCKS = ON)
)

GO
SET ANSI_NULLS ON
GO
SET QUOTED_IDENTIFIER ON
GO
CREATE TABLE [dbo].[cmsTags](
	[id] [int] IDENTITY(1,1) NOT NULL,
	[group] [nvarchar](100) COLLATE SQL_Latin1_General_CP1_CI_AS NOT NULL,
	[languageId] [int] NULL,
	[tag] [nvarchar](200) COLLATE SQL_Latin1_General_CP1_CI_AS NOT NULL,
 CONSTRAINT [PK_cmsTags] PRIMARY KEY CLUSTERED 
(
	[id] ASC
)WITH (PAD_INDEX = OFF, STATISTICS_NORECOMPUTE = OFF, IGNORE_DUP_KEY = OFF, ALLOW_ROW_LOCKS = ON, ALLOW_PAGE_LOCKS = ON)
)

GO
SET ANSI_NULLS ON
GO
SET QUOTED_IDENTIFIER ON
GO
CREATE TABLE [dbo].[cmsTemplate](
	[pk] [int] IDENTITY(1,1) NOT NULL,
	[nodeId] [int] NOT NULL,
	[alias] [nvarchar](100) COLLATE SQL_Latin1_General_CP1_CI_AS NULL,
 CONSTRAINT [PK_cmsTemplate] PRIMARY KEY CLUSTERED 
(
	[pk] ASC
)WITH (PAD_INDEX = OFF, STATISTICS_NORECOMPUTE = OFF, IGNORE_DUP_KEY = OFF, ALLOW_ROW_LOCKS = ON, ALLOW_PAGE_LOCKS = ON)
)

GO
SET ANSI_NULLS ON
GO
SET QUOTED_IDENTIFIER ON
GO
CREATE TABLE [dbo].[umbracoAccess](
	[id] [uniqueidentifier] NOT NULL,
	[nodeId] [int] NOT NULL,
	[loginNodeId] [int] NOT NULL,
	[noAccessNodeId] [int] NOT NULL,
	[createDate] [datetime] NOT NULL,
	[updateDate] [datetime] NOT NULL,
 CONSTRAINT [PK_umbracoAccess] PRIMARY KEY CLUSTERED 
(
	[id] ASC
)WITH (PAD_INDEX = OFF, STATISTICS_NORECOMPUTE = OFF, IGNORE_DUP_KEY = OFF, ALLOW_ROW_LOCKS = ON, ALLOW_PAGE_LOCKS = ON)
)

GO
SET ANSI_NULLS ON
GO
SET QUOTED_IDENTIFIER ON
GO
CREATE TABLE [dbo].[umbracoAccessRule](
	[id] [uniqueidentifier] NOT NULL,
	[accessId] [uniqueidentifier] NOT NULL,
	[ruleValue] [nvarchar](255) COLLATE SQL_Latin1_General_CP1_CI_AS NOT NULL,
	[ruleType] [nvarchar](255) COLLATE SQL_Latin1_General_CP1_CI_AS NOT NULL,
	[createDate] [datetime] NOT NULL,
	[updateDate] [datetime] NOT NULL,
 CONSTRAINT [PK_umbracoAccessRule] PRIMARY KEY CLUSTERED 
(
	[id] ASC
)WITH (PAD_INDEX = OFF, STATISTICS_NORECOMPUTE = OFF, IGNORE_DUP_KEY = OFF, ALLOW_ROW_LOCKS = ON, ALLOW_PAGE_LOCKS = ON)
)

GO
SET ANSI_NULLS ON
GO
SET QUOTED_IDENTIFIER ON
GO
CREATE TABLE [dbo].[umbracoAudit](
	[id] [int] IDENTITY(1,1) NOT NULL,
	[performingUserId] [int] NOT NULL,
	[performingDetails] [nvarchar](1024) COLLATE SQL_Latin1_General_CP1_CI_AS NULL,
	[performingIp] [nvarchar](64) COLLATE SQL_Latin1_General_CP1_CI_AS NULL,
	[eventDateUtc] [datetime] NOT NULL,
	[affectedUserId] [int] NOT NULL,
	[affectedDetails] [nvarchar](1024) COLLATE SQL_Latin1_General_CP1_CI_AS NULL,
	[eventType] [nvarchar](256) COLLATE SQL_Latin1_General_CP1_CI_AS NOT NULL,
	[eventDetails] [nvarchar](1024) COLLATE SQL_Latin1_General_CP1_CI_AS NULL,
 CONSTRAINT [PK_umbracoAudit] PRIMARY KEY CLUSTERED 
(
	[id] ASC
)WITH (PAD_INDEX = OFF, STATISTICS_NORECOMPUTE = OFF, IGNORE_DUP_KEY = OFF, ALLOW_ROW_LOCKS = ON, ALLOW_PAGE_LOCKS = ON)
)

GO
SET ANSI_NULLS ON
GO
SET QUOTED_IDENTIFIER ON
GO
CREATE TABLE [dbo].[umbracoCacheInstruction](
	[id] [int] IDENTITY(1,1) NOT NULL,
	[utcStamp] [datetime] NOT NULL,
	[jsonInstruction] [ntext] COLLATE SQL_Latin1_General_CP1_CI_AS NOT NULL,
	[originated] [nvarchar](500) COLLATE SQL_Latin1_General_CP1_CI_AS NOT NULL,
	[instructionCount] [int] NOT NULL,
 CONSTRAINT [PK_umbracoCacheInstruction] PRIMARY KEY CLUSTERED 
(
	[id] ASC
)WITH (PAD_INDEX = OFF, STATISTICS_NORECOMPUTE = OFF, IGNORE_DUP_KEY = OFF, ALLOW_ROW_LOCKS = ON, ALLOW_PAGE_LOCKS = ON)
)

GO
SET ANSI_NULLS ON
GO
SET QUOTED_IDENTIFIER ON
GO
CREATE TABLE [dbo].[umbracoConsent](
	[id] [int] IDENTITY(1,1) NOT NULL,
	[current] [bit] NOT NULL,
	[source] [nvarchar](512) COLLATE SQL_Latin1_General_CP1_CI_AS NOT NULL,
	[context] [nvarchar](128) COLLATE SQL_Latin1_General_CP1_CI_AS NOT NULL,
	[action] [nvarchar](512) COLLATE SQL_Latin1_General_CP1_CI_AS NOT NULL,
	[createDate] [datetime] NOT NULL,
	[state] [int] NOT NULL,
	[comment] [nvarchar](255) COLLATE SQL_Latin1_General_CP1_CI_AS NULL,
 CONSTRAINT [PK_umbracoConsent] PRIMARY KEY CLUSTERED 
(
	[id] ASC
)WITH (PAD_INDEX = OFF, STATISTICS_NORECOMPUTE = OFF, IGNORE_DUP_KEY = OFF, ALLOW_ROW_LOCKS = ON, ALLOW_PAGE_LOCKS = ON)
)

GO
SET ANSI_NULLS ON
GO
SET QUOTED_IDENTIFIER ON
GO
CREATE TABLE [dbo].[umbracoContent](
	[nodeId] [int] NOT NULL,
	[contentTypeId] [int] NOT NULL,
 CONSTRAINT [PK_umbracoContent] PRIMARY KEY CLUSTERED 
(
	[nodeId] ASC
)WITH (PAD_INDEX = OFF, STATISTICS_NORECOMPUTE = OFF, IGNORE_DUP_KEY = OFF, ALLOW_ROW_LOCKS = ON, ALLOW_PAGE_LOCKS = ON)
)

GO
SET ANSI_NULLS ON
GO
SET QUOTED_IDENTIFIER ON
GO
CREATE TABLE [dbo].[umbracoContentSchedule](
	[id] [uniqueidentifier] NOT NULL,
	[nodeId] [int] NOT NULL,
	[languageId] [int] NULL,
	[date] [datetime] NOT NULL,
	[action] [nvarchar](255) COLLATE SQL_Latin1_General_CP1_CI_AS NOT NULL,
 CONSTRAINT [PK_umbracoContentSchedule] PRIMARY KEY CLUSTERED 
(
	[id] ASC
)WITH (PAD_INDEX = OFF, STATISTICS_NORECOMPUTE = OFF, IGNORE_DUP_KEY = OFF, ALLOW_ROW_LOCKS = ON, ALLOW_PAGE_LOCKS = ON)
)

GO
SET ANSI_NULLS ON
GO
SET QUOTED_IDENTIFIER ON
GO
CREATE TABLE [dbo].[umbracoContentVersion](
	[id] [int] IDENTITY(1,1) NOT NULL,
	[nodeId] [int] NOT NULL,
	[versionDate] [datetime] NOT NULL,
	[userId] [int] NULL,
	[current] [bit] NOT NULL,
	[text] [nvarchar](255) COLLATE SQL_Latin1_General_CP1_CI_AS NULL,
 CONSTRAINT [PK_umbracoContentVersion] PRIMARY KEY CLUSTERED 
(
	[id] ASC
)WITH (PAD_INDEX = OFF, STATISTICS_NORECOMPUTE = OFF, IGNORE_DUP_KEY = OFF, ALLOW_ROW_LOCKS = ON, ALLOW_PAGE_LOCKS = ON)
)

GO
SET ANSI_NULLS ON
GO
SET QUOTED_IDENTIFIER ON
GO
CREATE TABLE [dbo].[umbracoContentVersionCultureVariation](
	[id] [int] IDENTITY(1,1) NOT NULL,
	[versionId] [int] NOT NULL,
	[languageId] [int] NOT NULL,
	[name] [nvarchar](255) COLLATE SQL_Latin1_General_CP1_CI_AS NOT NULL,
	[date] [datetime] NOT NULL,
	[availableUserId] [int] NULL,
 CONSTRAINT [PK_umbracoContentVersionCultureVariation] PRIMARY KEY CLUSTERED 
(
	[id] ASC
)WITH (PAD_INDEX = OFF, STATISTICS_NORECOMPUTE = OFF, IGNORE_DUP_KEY = OFF, ALLOW_ROW_LOCKS = ON, ALLOW_PAGE_LOCKS = ON)
)

GO
SET ANSI_NULLS ON
GO
SET QUOTED_IDENTIFIER ON
GO
CREATE TABLE [dbo].[umbracoDataType](
	[nodeId] [int] NOT NULL,
	[propertyEditorAlias] [nvarchar](255) COLLATE SQL_Latin1_General_CP1_CI_AS NOT NULL,
	[dbType] [nvarchar](50) COLLATE SQL_Latin1_General_CP1_CI_AS NOT NULL,
	[config] [ntext] COLLATE SQL_Latin1_General_CP1_CI_AS NULL,
 CONSTRAINT [PK_umbracoDataType] PRIMARY KEY CLUSTERED 
(
	[nodeId] ASC
)WITH (PAD_INDEX = OFF, STATISTICS_NORECOMPUTE = OFF, IGNORE_DUP_KEY = OFF, ALLOW_ROW_LOCKS = ON, ALLOW_PAGE_LOCKS = ON)
)

GO
SET ANSI_NULLS ON
GO
SET QUOTED_IDENTIFIER ON
GO
CREATE TABLE [dbo].[umbracoDocument](
	[nodeId] [int] NOT NULL,
	[published] [bit] NOT NULL,
	[edited] [bit] NOT NULL,
 CONSTRAINT [PK_umbracoDocument] PRIMARY KEY CLUSTERED 
(
	[nodeId] ASC
)WITH (PAD_INDEX = OFF, STATISTICS_NORECOMPUTE = OFF, IGNORE_DUP_KEY = OFF, ALLOW_ROW_LOCKS = ON, ALLOW_PAGE_LOCKS = ON)
)

GO
SET ANSI_NULLS ON
GO
SET QUOTED_IDENTIFIER ON
GO
CREATE TABLE [dbo].[umbracoDocumentCultureVariation](
	[id] [int] IDENTITY(1,1) NOT NULL,
	[nodeId] [int] NOT NULL,
	[languageId] [int] NOT NULL,
	[edited] [bit] NOT NULL,
	[available] [bit] NOT NULL,
	[published] [bit] NOT NULL,
	[name] [nvarchar](255) COLLATE SQL_Latin1_General_CP1_CI_AS NULL,
 CONSTRAINT [PK_umbracoDocumentCultureVariation] PRIMARY KEY CLUSTERED 
(
	[id] ASC
)WITH (PAD_INDEX = OFF, STATISTICS_NORECOMPUTE = OFF, IGNORE_DUP_KEY = OFF, ALLOW_ROW_LOCKS = ON, ALLOW_PAGE_LOCKS = ON)
)

GO
SET ANSI_NULLS ON
GO
SET QUOTED_IDENTIFIER ON
GO
CREATE TABLE [dbo].[umbracoDocumentVersion](
	[id] [int] NOT NULL,
	[templateId] [int] NULL,
	[published] [bit] NOT NULL,
 CONSTRAINT [PK_umbracoDocumentVersion] PRIMARY KEY CLUSTERED 
(
	[id] ASC
)WITH (PAD_INDEX = OFF, STATISTICS_NORECOMPUTE = OFF, IGNORE_DUP_KEY = OFF, ALLOW_ROW_LOCKS = ON, ALLOW_PAGE_LOCKS = ON)
)

GO
SET ANSI_NULLS ON
GO
SET QUOTED_IDENTIFIER ON
GO
CREATE TABLE [dbo].[umbracoDomain](
	[id] [int] IDENTITY(1,1) NOT NULL,
	[domainDefaultLanguage] [int] NULL,
	[domainRootStructureID] [int] NULL,
	[domainName] [nvarchar](255) COLLATE SQL_Latin1_General_CP1_CI_AS NOT NULL,
 CONSTRAINT [PK_umbracoDomain] PRIMARY KEY CLUSTERED 
(
	[id] ASC
)WITH (PAD_INDEX = OFF, STATISTICS_NORECOMPUTE = OFF, IGNORE_DUP_KEY = OFF, ALLOW_ROW_LOCKS = ON, ALLOW_PAGE_LOCKS = ON)
)

GO
SET ANSI_NULLS ON
GO
SET QUOTED_IDENTIFIER ON
GO
CREATE TABLE [dbo].[umbracoExternalLogin](
	[id] [int] IDENTITY(1,1) NOT NULL,
	[userId] [int] NOT NULL,
	[loginProvider] [nvarchar](4000) COLLATE SQL_Latin1_General_CP1_CI_AS NOT NULL,
	[providerKey] [nvarchar](4000) COLLATE SQL_Latin1_General_CP1_CI_AS NOT NULL,
	[createDate] [datetime] NOT NULL,
	[userData] [ntext] COLLATE SQL_Latin1_General_CP1_CI_AS NULL,
 CONSTRAINT [PK_umbracoExternalLogin] PRIMARY KEY CLUSTERED 
(
	[id] ASC
)WITH (PAD_INDEX = OFF, STATISTICS_NORECOMPUTE = OFF, IGNORE_DUP_KEY = OFF, ALLOW_ROW_LOCKS = ON, ALLOW_PAGE_LOCKS = ON)
)

GO
SET ANSI_NULLS ON
GO
SET QUOTED_IDENTIFIER ON
GO
CREATE TABLE [dbo].[umbracoKeyValue](
	[key] [nvarchar](256) COLLATE SQL_Latin1_General_CP1_CI_AS NOT NULL,
	[value] [nvarchar](255) COLLATE SQL_Latin1_General_CP1_CI_AS NULL,
	[updated] [datetime] NOT NULL,
 CONSTRAINT [PK_umbracoKeyValue] PRIMARY KEY CLUSTERED 
(
	[key] ASC
)WITH (PAD_INDEX = OFF, STATISTICS_NORECOMPUTE = OFF, IGNORE_DUP_KEY = OFF, ALLOW_ROW_LOCKS = ON, ALLOW_PAGE_LOCKS = ON)
)

GO
SET ANSI_NULLS ON
GO
SET QUOTED_IDENTIFIER ON
GO
CREATE TABLE [dbo].[umbracoLanguage](
	[id] [int] IDENTITY(1,1) NOT NULL,
	[languageISOCode] [nvarchar](14) COLLATE SQL_Latin1_General_CP1_CI_AS NULL,
	[languageCultureName] [nvarchar](100) COLLATE SQL_Latin1_General_CP1_CI_AS NULL,
	[isDefaultVariantLang] [bit] NOT NULL,
	[mandatory] [bit] NOT NULL,
	[fallbackLanguageId] [int] NULL,
 CONSTRAINT [PK_umbracoLanguage] PRIMARY KEY CLUSTERED 
(
	[id] ASC
)WITH (PAD_INDEX = OFF, STATISTICS_NORECOMPUTE = OFF, IGNORE_DUP_KEY = OFF, ALLOW_ROW_LOCKS = ON, ALLOW_PAGE_LOCKS = ON)
)

GO
SET ANSI_NULLS ON
GO
SET QUOTED_IDENTIFIER ON
GO
CREATE TABLE [dbo].[umbracoLock](
	[id] [int] NOT NULL,
	[value] [int] NOT NULL,
	[name] [nvarchar](64) COLLATE SQL_Latin1_General_CP1_CI_AS NOT NULL,
 CONSTRAINT [PK_umbracoLock] PRIMARY KEY CLUSTERED 
(
	[id] ASC
)WITH (PAD_INDEX = OFF, STATISTICS_NORECOMPUTE = OFF, IGNORE_DUP_KEY = OFF, ALLOW_ROW_LOCKS = ON, ALLOW_PAGE_LOCKS = ON)
)

GO
SET ANSI_NULLS ON
GO
SET QUOTED_IDENTIFIER ON
GO
CREATE TABLE [dbo].[umbracoLog](
	[id] [int] IDENTITY(1,1) NOT NULL,
	[userId] [int] NULL,
	[NodeId] [int] NOT NULL,
	[entityType] [nvarchar](50) COLLATE SQL_Latin1_General_CP1_CI_AS NULL,
	[Datestamp] [datetime] NOT NULL,
	[logHeader] [nvarchar](50) COLLATE SQL_Latin1_General_CP1_CI_AS NOT NULL,
	[logComment] [nvarchar](4000) COLLATE SQL_Latin1_General_CP1_CI_AS NULL,
	[parameters] [nvarchar](500) COLLATE SQL_Latin1_General_CP1_CI_AS NULL,
 CONSTRAINT [PK_umbracoLog] PRIMARY KEY CLUSTERED 
(
	[id] ASC
)WITH (PAD_INDEX = OFF, STATISTICS_NORECOMPUTE = OFF, IGNORE_DUP_KEY = OFF, ALLOW_ROW_LOCKS = ON, ALLOW_PAGE_LOCKS = ON)
)

GO
SET ANSI_NULLS ON
GO
SET QUOTED_IDENTIFIER ON
GO
CREATE TABLE [dbo].[umbracoMediaVersion](
	[id] [int] NOT NULL,
	[path] [nvarchar](255) COLLATE SQL_Latin1_General_CP1_CI_AS NULL,
 CONSTRAINT [PK_umbracoMediaVersion] PRIMARY KEY CLUSTERED 
(
	[id] ASC
)WITH (PAD_INDEX = OFF, STATISTICS_NORECOMPUTE = OFF, IGNORE_DUP_KEY = OFF, ALLOW_ROW_LOCKS = ON, ALLOW_PAGE_LOCKS = ON)
)

GO
SET ANSI_NULLS ON
GO
SET QUOTED_IDENTIFIER ON
GO
CREATE TABLE [dbo].[umbracoNode](
	[id] [int] IDENTITY(1,1) NOT NULL,
	[uniqueId] [uniqueidentifier] NOT NULL,
	[parentId] [int] NOT NULL,
	[level] [int] NOT NULL,
	[path] [nvarchar](150) COLLATE SQL_Latin1_General_CP1_CI_AS NOT NULL,
	[sortOrder] [int] NOT NULL,
	[trashed] [bit] NOT NULL,
	[nodeUser] [int] NULL,
	[text] [nvarchar](255) COLLATE SQL_Latin1_General_CP1_CI_AS NULL,
	[nodeObjectType] [uniqueidentifier] NULL,
	[createDate] [datetime] NOT NULL,
 CONSTRAINT [PK_umbracoNode] PRIMARY KEY CLUSTERED 
(
	[id] ASC
)WITH (PAD_INDEX = OFF, STATISTICS_NORECOMPUTE = OFF, IGNORE_DUP_KEY = OFF, ALLOW_ROW_LOCKS = ON, ALLOW_PAGE_LOCKS = ON)
)

GO
SET ANSI_NULLS ON
GO
SET QUOTED_IDENTIFIER ON
GO
CREATE TABLE [dbo].[umbracoPropertyData](
	[id] [int] IDENTITY(1,1) NOT NULL,
	[versionId] [int] NOT NULL,
	[propertyTypeId] [int] NOT NULL,
	[languageId] [int] NULL,
	[segment] [nvarchar](256) COLLATE SQL_Latin1_General_CP1_CI_AS NULL,
	[intValue] [int] NULL,
	[decimalValue] [decimal](38, 6) NULL,
	[dateValue] [datetime] NULL,
	[varcharValue] [nvarchar](512) COLLATE SQL_Latin1_General_CP1_CI_AS NULL,
	[textValue] [ntext] COLLATE SQL_Latin1_General_CP1_CI_AS NULL,
 CONSTRAINT [PK_umbracoPropertyData] PRIMARY KEY CLUSTERED 
(
	[id] ASC
)WITH (PAD_INDEX = OFF, STATISTICS_NORECOMPUTE = OFF, IGNORE_DUP_KEY = OFF, ALLOW_ROW_LOCKS = ON, ALLOW_PAGE_LOCKS = ON)
)

GO
SET ANSI_NULLS ON
GO
SET QUOTED_IDENTIFIER ON
GO
CREATE TABLE [dbo].[umbracoRedirectUrl](
	[id] [uniqueidentifier] NOT NULL,
	[contentKey] [uniqueidentifier] NOT NULL,
	[createDateUtc] [datetime] NOT NULL,
	[url] [nvarchar](255) COLLATE SQL_Latin1_General_CP1_CI_AS NOT NULL,
	[culture] [nvarchar](255) COLLATE SQL_Latin1_General_CP1_CI_AS NULL,
	[urlHash] [nvarchar](40) COLLATE SQL_Latin1_General_CP1_CI_AS NOT NULL,
 CONSTRAINT [PK_umbracoRedirectUrl] PRIMARY KEY CLUSTERED 
(
	[id] ASC
)WITH (PAD_INDEX = OFF, STATISTICS_NORECOMPUTE = OFF, IGNORE_DUP_KEY = OFF, ALLOW_ROW_LOCKS = ON, ALLOW_PAGE_LOCKS = ON)
)

GO
SET ANSI_NULLS ON
GO
SET QUOTED_IDENTIFIER ON
GO
CREATE TABLE [dbo].[umbracoRelation](
	[id] [int] IDENTITY(1,1) NOT NULL,
	[parentId] [int] NOT NULL,
	[childId] [int] NOT NULL,
	[relType] [int] NOT NULL,
	[datetime] [datetime] NOT NULL,
	[comment] [nvarchar](1000) COLLATE SQL_Latin1_General_CP1_CI_AS NOT NULL,
 CONSTRAINT [PK_umbracoRelation] PRIMARY KEY CLUSTERED 
(
	[id] ASC
)WITH (PAD_INDEX = OFF, STATISTICS_NORECOMPUTE = OFF, IGNORE_DUP_KEY = OFF, ALLOW_ROW_LOCKS = ON, ALLOW_PAGE_LOCKS = ON)
)

GO
SET ANSI_NULLS ON
GO
SET QUOTED_IDENTIFIER ON
GO
CREATE TABLE [dbo].[umbracoRelationType](
	[id] [int] IDENTITY(1,1) NOT NULL,
	[typeUniqueId] [uniqueidentifier] NOT NULL,
	[dual] [bit] NOT NULL,
	[parentObjectType] [uniqueidentifier] NULL,
	[childObjectType] [uniqueidentifier] NULL,
	[name] [nvarchar](255) COLLATE SQL_Latin1_General_CP1_CI_AS NOT NULL,
	[alias] [nvarchar](100) COLLATE SQL_Latin1_General_CP1_CI_AS NOT NULL,
 CONSTRAINT [PK_umbracoRelationType] PRIMARY KEY CLUSTERED 
(
	[id] ASC
)WITH (PAD_INDEX = OFF, STATISTICS_NORECOMPUTE = OFF, IGNORE_DUP_KEY = OFF, ALLOW_ROW_LOCKS = ON, ALLOW_PAGE_LOCKS = ON)
)

GO
SET ANSI_NULLS ON
GO
SET QUOTED_IDENTIFIER ON
GO
CREATE TABLE [dbo].[umbracoServer](
	[id] [int] IDENTITY(1,1) NOT NULL,
	[address] [nvarchar](500) COLLATE SQL_Latin1_General_CP1_CI_AS NOT NULL,
	[computerName] [nvarchar](255) COLLATE SQL_Latin1_General_CP1_CI_AS NOT NULL,
	[registeredDate] [datetime] NOT NULL,
	[lastNotifiedDate] [datetime] NOT NULL,
	[isActive] [bit] NOT NULL,
	[isMaster] [bit] NOT NULL,
 CONSTRAINT [PK_umbracoServer] PRIMARY KEY CLUSTERED 
(
	[id] ASC
)WITH (PAD_INDEX = OFF, STATISTICS_NORECOMPUTE = OFF, IGNORE_DUP_KEY = OFF, ALLOW_ROW_LOCKS = ON, ALLOW_PAGE_LOCKS = ON)
)

GO
SET ANSI_NULLS ON
GO
SET QUOTED_IDENTIFIER ON
GO
CREATE TABLE [dbo].[umbracoUser](
	[id] [int] IDENTITY(1,1) NOT NULL,
	[userDisabled] [bit] NOT NULL,
	[userNoConsole] [bit] NOT NULL,
	[userName] [nvarchar](255) COLLATE SQL_Latin1_General_CP1_CI_AS NOT NULL,
	[userLogin] [nvarchar](125) COLLATE SQL_Latin1_General_CP1_CI_AS NOT NULL,
	[userPassword] [nvarchar](500) COLLATE SQL_Latin1_General_CP1_CI_AS NOT NULL,
	[passwordConfig] [nvarchar](500) COLLATE SQL_Latin1_General_CP1_CI_AS NULL,
	[userEmail] [nvarchar](255) COLLATE SQL_Latin1_General_CP1_CI_AS NOT NULL,
	[userLanguage] [nvarchar](10) COLLATE SQL_Latin1_General_CP1_CI_AS NULL,
	[securityStampToken] [nvarchar](255) COLLATE SQL_Latin1_General_CP1_CI_AS NULL,
	[failedLoginAttempts] [int] NULL,
	[lastLockoutDate] [datetime] NULL,
	[lastPasswordChangeDate] [datetime] NULL,
	[lastLoginDate] [datetime] NULL,
	[emailConfirmedDate] [datetime] NULL,
	[invitedDate] [datetime] NULL,
	[createDate] [datetime] NOT NULL,
	[updateDate] [datetime] NOT NULL,
	[avatar] [nvarchar](500) COLLATE SQL_Latin1_General_CP1_CI_AS NULL,
	[tourData] [ntext] COLLATE SQL_Latin1_General_CP1_CI_AS NULL,
 CONSTRAINT [PK_user] PRIMARY KEY CLUSTERED 
(
	[id] ASC
)WITH (PAD_INDEX = OFF, STATISTICS_NORECOMPUTE = OFF, IGNORE_DUP_KEY = OFF, ALLOW_ROW_LOCKS = ON, ALLOW_PAGE_LOCKS = ON)
)

GO
SET ANSI_NULLS ON
GO
SET QUOTED_IDENTIFIER ON
GO
CREATE TABLE [dbo].[umbracoUser2NodeNotify](
	[userId] [int] NOT NULL,
	[nodeId] [int] NOT NULL,
	[action] [nchar](1) COLLATE SQL_Latin1_General_CP1_CI_AS NOT NULL,
 CONSTRAINT [PK_umbracoUser2NodeNotify] PRIMARY KEY CLUSTERED 
(
	[userId] ASC,
	[nodeId] ASC,
	[action] ASC
)WITH (PAD_INDEX = OFF, STATISTICS_NORECOMPUTE = OFF, IGNORE_DUP_KEY = OFF, ALLOW_ROW_LOCKS = ON, ALLOW_PAGE_LOCKS = ON)
)

GO
SET ANSI_NULLS ON
GO
SET QUOTED_IDENTIFIER ON
GO
CREATE TABLE [dbo].[umbracoUser2UserGroup](
	[userId] [int] NOT NULL,
	[userGroupId] [int] NOT NULL,
 CONSTRAINT [PK_user2userGroup] PRIMARY KEY CLUSTERED 
(
	[userId] ASC,
	[userGroupId] ASC
)WITH (PAD_INDEX = OFF, STATISTICS_NORECOMPUTE = OFF, IGNORE_DUP_KEY = OFF, ALLOW_ROW_LOCKS = ON, ALLOW_PAGE_LOCKS = ON)
)

GO
SET ANSI_NULLS ON
GO
SET QUOTED_IDENTIFIER ON
GO
CREATE TABLE [dbo].[umbracoUserGroup](
	[id] [int] IDENTITY(1,1) NOT NULL,
	[userGroupAlias] [nvarchar](200) COLLATE SQL_Latin1_General_CP1_CI_AS NOT NULL,
	[userGroupName] [nvarchar](200) COLLATE SQL_Latin1_General_CP1_CI_AS NOT NULL,
	[userGroupDefaultPermissions] [nvarchar](50) COLLATE SQL_Latin1_General_CP1_CI_AS NULL,
	[createDate] [datetime] NOT NULL,
	[updateDate] [datetime] NOT NULL,
	[icon] [nvarchar](255) COLLATE SQL_Latin1_General_CP1_CI_AS NULL,
	[startContentId] [int] NULL,
	[startMediaId] [int] NULL,
 CONSTRAINT [PK_umbracoUserGroup] PRIMARY KEY CLUSTERED 
(
	[id] ASC
)WITH (PAD_INDEX = OFF, STATISTICS_NORECOMPUTE = OFF, IGNORE_DUP_KEY = OFF, ALLOW_ROW_LOCKS = ON, ALLOW_PAGE_LOCKS = ON)
)

GO
SET ANSI_NULLS ON
GO
SET QUOTED_IDENTIFIER ON
GO
CREATE TABLE [dbo].[umbracoUserGroup2App](
	[userGroupId] [int] NOT NULL,
	[app] [nvarchar](50) COLLATE SQL_Latin1_General_CP1_CI_AS NOT NULL,
 CONSTRAINT [PK_userGroup2App] PRIMARY KEY CLUSTERED 
(
	[userGroupId] ASC,
	[app] ASC
)WITH (PAD_INDEX = OFF, STATISTICS_NORECOMPUTE = OFF, IGNORE_DUP_KEY = OFF, ALLOW_ROW_LOCKS = ON, ALLOW_PAGE_LOCKS = ON)
)

GO
SET ANSI_NULLS ON
GO
SET QUOTED_IDENTIFIER ON
GO
CREATE TABLE [dbo].[umbracoUserGroup2NodePermission](
	[userGroupId] [int] NOT NULL,
	[nodeId] [int] NOT NULL,
	[permission] [nvarchar](255) COLLATE SQL_Latin1_General_CP1_CI_AS NOT NULL,
 CONSTRAINT [PK_umbracoUserGroup2NodePermission] PRIMARY KEY CLUSTERED 
(
	[userGroupId] ASC,
	[nodeId] ASC,
	[permission] ASC
)WITH (PAD_INDEX = OFF, STATISTICS_NORECOMPUTE = OFF, IGNORE_DUP_KEY = OFF, ALLOW_ROW_LOCKS = ON, ALLOW_PAGE_LOCKS = ON)
)

GO
SET ANSI_NULLS ON
GO
SET QUOTED_IDENTIFIER ON
GO
CREATE TABLE [dbo].[umbracoUserLogin](
	[sessionId] [uniqueidentifier] NOT NULL,
	[userId] [int] NOT NULL,
	[loggedInUtc] [datetime] NOT NULL,
	[lastValidatedUtc] [datetime] NOT NULL,
	[loggedOutUtc] [datetime] NULL,
	[ipAddress] [nvarchar](255) COLLATE SQL_Latin1_General_CP1_CI_AS NULL,
 CONSTRAINT [PK_umbracoUserLogin] PRIMARY KEY CLUSTERED 
(
	[sessionId] ASC
)WITH (PAD_INDEX = OFF, STATISTICS_NORECOMPUTE = OFF, IGNORE_DUP_KEY = OFF, ALLOW_ROW_LOCKS = ON, ALLOW_PAGE_LOCKS = ON)
)

GO
SET ANSI_NULLS ON
GO
SET QUOTED_IDENTIFIER ON
GO
CREATE TABLE [dbo].[umbracoUserStartNode](
	[id] [int] IDENTITY(1,1) NOT NULL,
	[userId] [int] NOT NULL,
	[startNode] [int] NOT NULL,
	[startNodeType] [int] NOT NULL,
 CONSTRAINT [PK_userStartNode] PRIMARY KEY CLUSTERED 
(
	[id] ASC
)WITH (PAD_INDEX = OFF, STATISTICS_NORECOMPUTE = OFF, IGNORE_DUP_KEY = OFF, ALLOW_ROW_LOCKS = ON, ALLOW_PAGE_LOCKS = ON)
)

GO
INSERT [dbo].[cmsContentNu] ([nodeId], [published], [data], [rv]) VALUES (1091, 0, N'{"pd":{"countryName":[{"v":"United Kingdom"}]},"cd":{},"us":"gb"}', 0)
GO
INSERT [dbo].[cmsContentNu] ([nodeId], [published], [data], [rv]) VALUES (1091, 1, N'{"pd":{"countryName":[{"v":"United Kingdom"}]},"cd":{},"us":"gb"}', 0)
GO
INSERT [dbo].[cmsContentNu] ([nodeId], [published], [data], [rv]) VALUES (1092, 0, N'{"pd":{"countryName":[{"v":"Belgium"}]},"cd":{},"us":"be"}', 0)
GO
INSERT [dbo].[cmsContentNu] ([nodeId], [published], [data], [rv]) VALUES (1092, 1, N'{"pd":{"countryName":[{"v":"Belgium"}]},"cd":{},"us":"be"}', 0)
GO
INSERT [dbo].[cmsContentNu] ([nodeId], [published], [data], [rv]) VALUES (1094, 0, N'{"pd":{"languageName":[{"v":"Dutch"}]},"cd":{},"us":"nl-be"}', 0)
GO
INSERT [dbo].[cmsContentNu] ([nodeId], [published], [data], [rv]) VALUES (1094, 1, N'{"pd":{"languageName":[{"v":"Dutch"}]},"cd":{},"us":"nl-be"}', 0)
GO
INSERT [dbo].[cmsContentNu] ([nodeId], [published], [data], [rv]) VALUES (1095, 0, N'{"pd":{"languageName":[{"v":"French"}]},"cd":{},"us":"fr-be"}', 0)
GO
INSERT [dbo].[cmsContentNu] ([nodeId], [published], [data], [rv]) VALUES (1095, 1, N'{"pd":{"languageName":[{"v":"French"}]},"cd":{},"us":"fr-be"}', 0)
GO
INSERT [dbo].[cmsContentNu] ([nodeId], [published], [data], [rv]) VALUES (1096, 0, N'{"pd":{"umbracoInternalRedirect":[],"umbracoRedirect":[],"umbracoUrlAlias":[],"umbracoUrlName":[],"sitemapChangeFrequency":[],"sitemapPriority":[{"v":"0"}],"metaTitle":[],"metaDescription":[],"metaKeywords":[],"robotsNoFollow":[{"v":0}],"robotsNoIndex":[{"v":0}]},"cd":{},"us":"home"}', 0)
GO
INSERT [dbo].[cmsContentNu] ([nodeId], [published], [data], [rv]) VALUES (1096, 1, N'{"pd":{"umbracoInternalRedirect":[],"umbracoRedirect":[],"umbracoUrlAlias":[],"umbracoUrlName":[],"sitemapChangeFrequency":[],"sitemapPriority":[{"v":"0"}],"metaTitle":[],"metaDescription":[],"metaKeywords":[],"robotsNoFollow":[{"v":0}],"robotsNoIndex":[{"v":0}]},"cd":{},"us":"home"}', 0)
GO
INSERT [dbo].[cmsContentNu] ([nodeId], [published], [data], [rv]) VALUES (1097, 0, N'{"pd":{"umbracoInternalRedirect":[],"umbracoRedirect":[],"umbracoUrlAlias":[],"umbracoUrlName":[],"sitemapChangeFrequency":[],"sitemapPriority":[{"v":"0"}],"metaTitle":[],"metaDescription":[],"metaKeywords":[],"robotsNoFollow":[{"v":0}],"robotsNoIndex":[{"v":0}]},"cd":{},"us":"home"}', 0)
GO
INSERT [dbo].[cmsContentNu] ([nodeId], [published], [data], [rv]) VALUES (1097, 1, N'{"pd":{"umbracoInternalRedirect":[],"umbracoRedirect":[],"umbracoUrlAlias":[],"umbracoUrlName":[],"sitemapChangeFrequency":[],"sitemapPriority":[{"v":"0"}],"metaTitle":[],"metaDescription":[],"metaKeywords":[],"robotsNoFollow":[{"v":0}],"robotsNoIndex":[{"v":0}]},"cd":{},"us":"home"}', 0)
GO
INSERT [dbo].[cmsContentNu] ([nodeId], [published], [data], [rv]) VALUES (1098, 0, N'{"pd":{"umbracoInternalRedirect":[],"umbracoRedirect":[],"umbracoUrlAlias":[],"umbracoUrlName":[],"sitemapChangeFrequency":[],"sitemapPriority":[{"v":"0"}],"metaTitle":[],"metaDescription":[],"metaKeywords":[],"robotsNoFollow":[{"v":0}],"robotsNoIndex":[{"v":0}]},"cd":{},"us":"home"}', 3)
GO
INSERT [dbo].[cmsContentNu] ([nodeId], [published], [data], [rv]) VALUES (1098, 1, N'{"pd":{"umbracoInternalRedirect":[],"umbracoRedirect":[],"umbracoUrlAlias":[],"umbracoUrlName":[],"sitemapChangeFrequency":[],"sitemapPriority":[{"v":"0"}],"metaTitle":[],"metaDescription":[],"metaKeywords":[],"robotsNoFollow":[{"v":0}],"robotsNoIndex":[{"v":0}]},"cd":{},"us":"home"}', 3)
GO
INSERT [dbo].[cmsContentNu] ([nodeId], [published], [data], [rv]) VALUES (1099, 0, N'{"pd":{"metaTitle":[],"metaDescription":[],"metaKeywords":[],"robotsNoFollow":[{"v":0}],"robotsNoIndex":[{"v":0}],"sitemapChangeFrequency":[],"sitemapPriority":[{"v":"0"}],"umbracoInternalRedirect":[],"umbracoRedirect":[],"umbracoUrlAlias":[],"umbracoUrlName":[]},"cd":{},"us":"content"}', 7)
GO
INSERT [dbo].[cmsContentNu] ([nodeId], [published], [data], [rv]) VALUES (1099, 1, N'{"pd":{"metaTitle":[],"metaDescription":[],"metaKeywords":[],"robotsNoFollow":[{"v":0}],"robotsNoIndex":[{"v":0}],"sitemapChangeFrequency":[],"sitemapPriority":[{"v":"0"}],"umbracoInternalRedirect":[],"umbracoRedirect":[],"umbracoUrlAlias":[],"umbracoUrlName":[]},"cd":{},"us":"content"}', 7)
GO
INSERT [dbo].[cmsContentNu] ([nodeId], [published], [data], [rv]) VALUES (1100, 0, N'{"pd":{"metaTitle":[],"metaDescription":[],"metaKeywords":[],"robotsNoFollow":[{"v":0}],"robotsNoIndex":[{"v":0}],"sitemapChangeFrequency":[],"sitemapPriority":[{"v":"0"}],"umbracoInternalRedirect":[],"umbracoRedirect":[],"umbracoUrlAlias":[],"umbracoUrlName":[]},"cd":{},"us":"content"}', 0)
GO
INSERT [dbo].[cmsContentNu] ([nodeId], [published], [data], [rv]) VALUES (1100, 1, N'{"pd":{"metaTitle":[],"metaDescription":[],"metaKeywords":[],"robotsNoFollow":[{"v":0}],"robotsNoIndex":[{"v":0}],"sitemapChangeFrequency":[],"sitemapPriority":[{"v":"0"}],"umbracoInternalRedirect":[],"umbracoRedirect":[],"umbracoUrlAlias":[],"umbracoUrlName":[]},"cd":{},"us":"content"}', 0)
GO
INSERT [dbo].[cmsContentNu] ([nodeId], [published], [data], [rv]) VALUES (1101, 0, N'{"pd":{"metaTitle":[],"metaDescription":[],"metaKeywords":[],"robotsNoFollow":[{"v":0}],"robotsNoIndex":[{"v":0}],"sitemapChangeFrequency":[],"sitemapPriority":[{"v":"0"}],"umbracoInternalRedirect":[],"umbracoRedirect":[],"umbracoUrlAlias":[],"umbracoUrlName":[]},"cd":{},"us":"content"}', 0)
GO
INSERT [dbo].[cmsContentNu] ([nodeId], [published], [data], [rv]) VALUES (1101, 1, N'{"pd":{"metaTitle":[],"metaDescription":[],"metaKeywords":[],"robotsNoFollow":[{"v":0}],"robotsNoIndex":[{"v":0}],"sitemapChangeFrequency":[],"sitemapPriority":[{"v":"0"}],"umbracoInternalRedirect":[],"umbracoRedirect":[],"umbracoUrlAlias":[],"umbracoUrlName":[]},"cd":{},"us":"content"}', 0)
GO
INSERT [dbo].[cmsContentNu] ([nodeId], [published], [data], [rv]) VALUES (1102, 0, N'{"pd":{},"cd":{},"us":"site-configuration"}', 0)
GO
INSERT [dbo].[cmsContentNu] ([nodeId], [published], [data], [rv]) VALUES (1102, 1, N'{"pd":{},"cd":{},"us":"site-configuration"}', 0)
GO
INSERT [dbo].[cmsContentNu] ([nodeId], [published], [data], [rv]) VALUES (1103, 0, N'{"pd":{},"cd":{},"us":"site-configuration"}', 0)
GO
INSERT [dbo].[cmsContentNu] ([nodeId], [published], [data], [rv]) VALUES (1103, 1, N'{"pd":{},"cd":{},"us":"site-configuration"}', 0)
GO
INSERT [dbo].[cmsContentNu] ([nodeId], [published], [data], [rv]) VALUES (1104, 0, N'{"pd":{},"cd":{},"us":"site-configuration"}', 0)
GO
INSERT [dbo].[cmsContentNu] ([nodeId], [published], [data], [rv]) VALUES (1104, 1, N'{"pd":{},"cd":{},"us":"site-configuration"}', 0)
GO
INSERT [dbo].[cmsContentNu] ([nodeId], [published], [data], [rv]) VALUES (1105, 0, N'{"pd":{"googleAnalytics":[{"v":"UA-19078618-16"}]},"cd":{},"us":"analytics"}', 0)
GO
INSERT [dbo].[cmsContentNu] ([nodeId], [published], [data], [rv]) VALUES (1105, 1, N'{"pd":{"googleAnalytics":[{"v":"UA-19078618-16"}]},"cd":{},"us":"analytics"}', 0)
GO
INSERT [dbo].[cmsContentNu] ([nodeId], [published], [data], [rv]) VALUES (1106, 0, N'{"pd":{"googleAnalytics":[{"v":"UA-19078618-17"}]},"cd":{},"us":"analytics"}', 0)
GO
INSERT [dbo].[cmsContentNu] ([nodeId], [published], [data], [rv]) VALUES (1106, 1, N'{"pd":{"googleAnalytics":[{"v":"UA-19078618-17"}]},"cd":{},"us":"analytics"}', 0)
GO
INSERT [dbo].[cmsContentNu] ([nodeId], [published], [data], [rv]) VALUES (1107, 0, N'{"pd":{"googleAnalytics":[{"v":"UA-19078618-18"}]},"cd":{},"us":"analytics"}', 0)
GO
INSERT [dbo].[cmsContentNu] ([nodeId], [published], [data], [rv]) VALUES (1107, 1, N'{"pd":{"googleAnalytics":[{"v":"UA-19078618-18"}]},"cd":{},"us":"analytics"}', 0)
GO
INSERT [dbo].[cmsContentNu] ([nodeId], [published], [data], [rv]) VALUES (1111, 0, N'{"pd":{"siteTheme":[{"v":"cloud-transformer-template"}],"siteTitle":[{"v":"Cloud Transformer Template"}],"siteDescription":[{"v":"Lorem ipsum..."}]},"cd":{},"us":"site-content"}', 1)
GO
INSERT [dbo].[cmsContentNu] ([nodeId], [published], [data], [rv]) VALUES (1111, 1, N'{"pd":{"siteTheme":[{"v":"cloud-transformer-template"}],"siteTitle":[{"v":"Cloud Transformer Template"}],"siteDescription":[{"v":"Lorem ipsum..."}]},"cd":{},"us":"site-content"}', 1)
GO
INSERT [dbo].[cmsContentNu] ([nodeId], [published], [data], [rv]) VALUES (1112, 0, N'{"pd":{"siteTheme":[{"v":"cloud-transformer-template-dark"}],"siteTitle":[{"v":"Cloud Transformer Template"}],"siteDescription":[{"v":"Lorem ipsum..."}]},"cd":{},"us":"site-content"}', 0)
GO
INSERT [dbo].[cmsContentNu] ([nodeId], [published], [data], [rv]) VALUES (1112, 1, N'{"pd":{"siteTheme":[{"v":"cloud-transformer-template-dark"}],"siteTitle":[{"v":"Cloud Transformer Template"}],"siteDescription":[{"v":"Lorem ipsum..."}]},"cd":{},"us":"site-content"}', 0)
GO
INSERT [dbo].[cmsContentNu] ([nodeId], [published], [data], [rv]) VALUES (1113, 0, N'{"pd":{"siteTheme":[{"v":"cloud-transformer-template-high-contrast"}],"siteTitle":[{"v":"Cloud Transformer Template"}],"siteDescription":[{"v":"Lorem ipsum..."}]},"cd":{},"us":"site-content"}', 0)
GO
INSERT [dbo].[cmsContentNu] ([nodeId], [published], [data], [rv]) VALUES (1113, 1, N'{"pd":{"siteTheme":[{"v":"cloud-transformer-template-high-contrast"}],"siteTitle":[{"v":"Cloud Transformer Template"}],"siteDescription":[{"v":"Lorem ipsum..."}]},"cd":{},"us":"site-content"}', 0)
GO
INSERT [dbo].[cmsContentNu] ([nodeId], [published], [data], [rv]) VALUES (1115, 0, N'{"pd":{"googleSiteVerification":[{"v":"rF6SiA2X6Bci6Mcua6Oj4Sp74BoTyQPCfuPOkBOquiQ"}]},"cd":{},"us":"seo"}', 0)
GO
INSERT [dbo].[cmsContentNu] ([nodeId], [published], [data], [rv]) VALUES (1115, 1, N'{"pd":{"googleSiteVerification":[{"v":"rF6SiA2X6Bci6Mcua6Oj4Sp74BoTyQPCfuPOkBOquiQ"}]},"cd":{},"us":"seo"}', 0)
GO
INSERT [dbo].[cmsContentNu] ([nodeId], [published], [data], [rv]) VALUES (1116, 0, N'{"pd":{"googleSiteVerification":[{"v":"rF6SiA2X6Bci6Mcua6Oj4Sp74BoTyQPCfuPOkBOquiQ"}]},"cd":{},"us":"seo"}', 1)
GO
INSERT [dbo].[cmsContentNu] ([nodeId], [published], [data], [rv]) VALUES (1116, 1, N'{"pd":{"googleSiteVerification":[{"v":"rF6SiA2X6Bci6Mcua6Oj4Sp74BoTyQPCfuPOkBOquiQ"}]},"cd":{},"us":"seo"}', 0)
GO
INSERT [dbo].[cmsContentNu] ([nodeId], [published], [data], [rv]) VALUES (1117, 0, N'{"pd":{"googleSiteVerification":[{"v":"rF6SiA2X6Bci6Mcua6Oj4Sp74BoTyQPCfuPOkBOquiQ"}]},"cd":{},"us":"seo"}', 1)
GO
INSERT [dbo].[cmsContentNu] ([nodeId], [published], [data], [rv]) VALUES (1117, 1, N'{"pd":{"googleSiteVerification":[{"v":"rF6SiA2X6Bci6Mcua6Oj4Sp74BoTyQPCfuPOkBOquiQ"}]},"cd":{},"us":"seo"}', 0)
GO
SET IDENTITY_INSERT [dbo].[cmsContentType] ON 

GO
INSERT [dbo].[cmsContentType] ([pk], [nodeId], [alias], [icon], [thumbnail], [description], [isContainer], [isElement], [allowAtRoot], [variations]) VALUES (531, 1044, N'Member', N'icon-user', N'icon-user', NULL, 0, 0, 0, 0)
GO
INSERT [dbo].[cmsContentType] ([pk], [nodeId], [alias], [icon], [thumbnail], [description], [isContainer], [isElement], [allowAtRoot], [variations]) VALUES (532, 1031, N'Folder', N'icon-folder', N'icon-folder', NULL, 0, 0, 1, 0)
GO
INSERT [dbo].[cmsContentType] ([pk], [nodeId], [alias], [icon], [thumbnail], [description], [isContainer], [isElement], [allowAtRoot], [variations]) VALUES (533, 1032, N'Image', N'icon-picture', N'icon-picture', NULL, 0, 0, 1, 0)
GO
INSERT [dbo].[cmsContentType] ([pk], [nodeId], [alias], [icon], [thumbnail], [description], [isContainer], [isElement], [allowAtRoot], [variations]) VALUES (534, 1033, N'File', N'icon-document', N'icon-document', NULL, 0, 0, 1, 0)
GO
INSERT [dbo].[cmsContentType] ([pk], [nodeId], [alias], [icon], [thumbnail], [description], [isContainer], [isElement], [allowAtRoot], [variations]) VALUES (553, 1074, N'compositionMetaPage', N'icon-chip color-black', N'folder.png', NULL, 0, 0, 0, 0)
GO
INSERT [dbo].[cmsContentType] ([pk], [nodeId], [alias], [icon], [thumbnail], [description], [isContainer], [isElement], [allowAtRoot], [variations]) VALUES (554, 1075, N'compositionSitemapPage', N'icon-chip color-black', N'folder.png', NULL, 0, 0, 0, 0)
GO
INSERT [dbo].[cmsContentType] ([pk], [nodeId], [alias], [icon], [thumbnail], [description], [isContainer], [isElement], [allowAtRoot], [variations]) VALUES (555, 1076, N'compositionUmbracoPage', N'icon-chip color-black', N'folder.png', NULL, 0, 0, 0, 0)
GO
INSERT [dbo].[cmsContentType] ([pk], [nodeId], [alias], [icon], [thumbnail], [description], [isContainer], [isElement], [allowAtRoot], [variations]) VALUES (556, 1078, N'contentPage', N'icon-layout color-black', N'folder.png', NULL, 0, 0, 0, 0)
GO
INSERT [dbo].[cmsContentType] ([pk], [nodeId], [alias], [icon], [thumbnail], [description], [isContainer], [isElement], [allowAtRoot], [variations]) VALUES (557, 1080, N'homePage', N'icon-home color-black', N'folder.png', NULL, 0, 0, 0, 0)
GO
INSERT [dbo].[cmsContentType] ([pk], [nodeId], [alias], [icon], [thumbnail], [description], [isContainer], [isElement], [allowAtRoot], [variations]) VALUES (558, 1081, N'configurationPage', N'icon-settings color-black', N'folder.png', NULL, 0, 0, 0, 0)
GO
INSERT [dbo].[cmsContentType] ([pk], [nodeId], [alias], [icon], [thumbnail], [description], [isContainer], [isElement], [allowAtRoot], [variations]) VALUES (559, 1082, N'configurationAnalyticsPage', N'icon-bar-chart color-black', N'folder.png', NULL, 0, 0, 0, 0)
GO
INSERT [dbo].[cmsContentType] ([pk], [nodeId], [alias], [icon], [thumbnail], [description], [isContainer], [isElement], [allowAtRoot], [variations]) VALUES (561, 1084, N'configurationSiteContentPage', N'icon-newspaper-alt color-black', N'folder.png', NULL, 0, 0, 0, 0)
GO
INSERT [dbo].[cmsContentType] ([pk], [nodeId], [alias], [icon], [thumbnail], [description], [isContainer], [isElement], [allowAtRoot], [variations]) VALUES (562, 1085, N'countryPage', N'icon-globe color-black', N'folder.png', NULL, 0, 0, 1, 0)
GO
INSERT [dbo].[cmsContentType] ([pk], [nodeId], [alias], [icon], [thumbnail], [description], [isContainer], [isElement], [allowAtRoot], [variations]) VALUES (563, 1086, N'languagePage', N'icon-globe-inverted-europe-africa color-black', N'folder.png', NULL, 0, 0, 0, 0)
GO
INSERT [dbo].[cmsContentType] ([pk], [nodeId], [alias], [icon], [thumbnail], [description], [isContainer], [isElement], [allowAtRoot], [variations]) VALUES (564, 1114, N'configurationSeoPage', N'icon-search color-black', N'folder.png', NULL, 0, 0, 0, 0)
GO
SET IDENTITY_INSERT [dbo].[cmsContentType] OFF
GO
INSERT [dbo].[cmsContentType2ContentType] ([parentContentTypeId], [childContentTypeId]) VALUES (1074, 1078)
GO
INSERT [dbo].[cmsContentType2ContentType] ([parentContentTypeId], [childContentTypeId]) VALUES (1074, 1080)
GO
INSERT [dbo].[cmsContentType2ContentType] ([parentContentTypeId], [childContentTypeId]) VALUES (1075, 1078)
GO
INSERT [dbo].[cmsContentType2ContentType] ([parentContentTypeId], [childContentTypeId]) VALUES (1075, 1080)
GO
INSERT [dbo].[cmsContentType2ContentType] ([parentContentTypeId], [childContentTypeId]) VALUES (1076, 1078)
GO
INSERT [dbo].[cmsContentType2ContentType] ([parentContentTypeId], [childContentTypeId]) VALUES (1076, 1080)
GO
INSERT [dbo].[cmsContentTypeAllowedContentType] ([Id], [AllowedId], [SortOrder]) VALUES (1031, 1031, 0)
GO
INSERT [dbo].[cmsContentTypeAllowedContentType] ([Id], [AllowedId], [SortOrder]) VALUES (1031, 1032, 0)
GO
INSERT [dbo].[cmsContentTypeAllowedContentType] ([Id], [AllowedId], [SortOrder]) VALUES (1031, 1033, 0)
GO
INSERT [dbo].[cmsContentTypeAllowedContentType] ([Id], [AllowedId], [SortOrder]) VALUES (1080, 1078, 0)
GO
INSERT [dbo].[cmsContentTypeAllowedContentType] ([Id], [AllowedId], [SortOrder]) VALUES (1081, 1082, 0)
GO
INSERT [dbo].[cmsContentTypeAllowedContentType] ([Id], [AllowedId], [SortOrder]) VALUES (1081, 1084, 2)
GO
INSERT [dbo].[cmsContentTypeAllowedContentType] ([Id], [AllowedId], [SortOrder]) VALUES (1081, 1114, 1)
GO
INSERT [dbo].[cmsContentTypeAllowedContentType] ([Id], [AllowedId], [SortOrder]) VALUES (1085, 1080, 0)
GO
INSERT [dbo].[cmsContentTypeAllowedContentType] ([Id], [AllowedId], [SortOrder]) VALUES (1085, 1081, 2)
GO
INSERT [dbo].[cmsContentTypeAllowedContentType] ([Id], [AllowedId], [SortOrder]) VALUES (1085, 1086, 1)
GO
INSERT [dbo].[cmsContentTypeAllowedContentType] ([Id], [AllowedId], [SortOrder]) VALUES (1086, 1080, 0)
GO
INSERT [dbo].[cmsContentTypeAllowedContentType] ([Id], [AllowedId], [SortOrder]) VALUES (1086, 1081, 1)
GO
SET IDENTITY_INSERT [dbo].[cmsDictionary] ON 

GO
INSERT [dbo].[cmsDictionary] ([pk], [id], [parent], [key]) VALUES (1, N'09d50556-562f-4c49-8f44-7a14c7328154', NULL, N'Country')
GO
INSERT [dbo].[cmsDictionary] ([pk], [id], [parent], [key]) VALUES (2, N'6a295a59-a8d2-43a7-b4cd-817c82732f86', NULL, N'Language')
GO
SET IDENTITY_INSERT [dbo].[cmsDictionary] OFF
GO
INSERT [dbo].[cmsDocumentType] ([contentTypeNodeId], [templateNodeId], [IsDefault]) VALUES (1078, 1077, 1)
GO
INSERT [dbo].[cmsDocumentType] ([contentTypeNodeId], [templateNodeId], [IsDefault]) VALUES (1080, 1079, 1)
GO
SET IDENTITY_INSERT [dbo].[cmsLanguageText] ON 

GO
INSERT [dbo].[cmsLanguageText] ([pk], [languageId], [UniqueId], [value]) VALUES (1, 2, N'09d50556-562f-4c49-8f44-7a14c7328154', N'Country')
GO
INSERT [dbo].[cmsLanguageText] ([pk], [languageId], [UniqueId], [value]) VALUES (2, 3, N'09d50556-562f-4c49-8f44-7a14c7328154', N'Platteland')
GO
INSERT [dbo].[cmsLanguageText] ([pk], [languageId], [UniqueId], [value]) VALUES (3, 4, N'09d50556-562f-4c49-8f44-7a14c7328154', N'Pays')
GO
INSERT [dbo].[cmsLanguageText] ([pk], [languageId], [UniqueId], [value]) VALUES (4, 2, N'6a295a59-a8d2-43a7-b4cd-817c82732f86', N'Language')
GO
INSERT [dbo].[cmsLanguageText] ([pk], [languageId], [UniqueId], [value]) VALUES (5, 3, N'6a295a59-a8d2-43a7-b4cd-817c82732f86', N'Taal')
GO
INSERT [dbo].[cmsLanguageText] ([pk], [languageId], [UniqueId], [value]) VALUES (6, 4, N'6a295a59-a8d2-43a7-b4cd-817c82732f86', N'La Langue')
GO
SET IDENTITY_INSERT [dbo].[cmsLanguageText] OFF
GO
SET IDENTITY_INSERT [dbo].[cmsPropertyType] ON 

GO
INSERT [dbo].[cmsPropertyType] ([id], [dataTypeId], [contentTypeId], [propertyTypeGroupId], [Alias], [Name], [sortOrder], [mandatory], [mandatoryMessage], [validationRegExp], [validationRegExpMessage], [Description], [labelOnTop], [variations], [UniqueID]) VALUES (6, 1043, 1032, 3, N'umbracoFile', N'Upload image', 0, 1, NULL, NULL, NULL, NULL, 0, 0, N'00000006-0000-0000-0000-000000000000')
GO
INSERT [dbo].[cmsPropertyType] ([id], [dataTypeId], [contentTypeId], [propertyTypeGroupId], [Alias], [Name], [sortOrder], [mandatory], [mandatoryMessage], [validationRegExp], [validationRegExpMessage], [Description], [labelOnTop], [variations], [UniqueID]) VALUES (7, -91, 1032, 3, N'umbracoWidth', N'Width', 0, 0, NULL, NULL, NULL, N'in pixels', 0, 0, N'00000007-0000-0000-0000-000000000000')
GO
INSERT [dbo].[cmsPropertyType] ([id], [dataTypeId], [contentTypeId], [propertyTypeGroupId], [Alias], [Name], [sortOrder], [mandatory], [mandatoryMessage], [validationRegExp], [validationRegExpMessage], [Description], [labelOnTop], [variations], [UniqueID]) VALUES (8, -91, 1032, 3, N'umbracoHeight', N'Height', 0, 0, NULL, NULL, NULL, N'in pixels', 0, 0, N'00000008-0000-0000-0000-000000000000')
GO
INSERT [dbo].[cmsPropertyType] ([id], [dataTypeId], [contentTypeId], [propertyTypeGroupId], [Alias], [Name], [sortOrder], [mandatory], [mandatoryMessage], [validationRegExp], [validationRegExpMessage], [Description], [labelOnTop], [variations], [UniqueID]) VALUES (9, -93, 1032, 3, N'umbracoBytes', N'Size', 0, 0, NULL, NULL, NULL, N'in bytes', 0, 0, N'00000009-0000-0000-0000-000000000000')
GO
INSERT [dbo].[cmsPropertyType] ([id], [dataTypeId], [contentTypeId], [propertyTypeGroupId], [Alias], [Name], [sortOrder], [mandatory], [mandatoryMessage], [validationRegExp], [validationRegExpMessage], [Description], [labelOnTop], [variations], [UniqueID]) VALUES (10, -92, 1032, 3, N'umbracoExtension', N'Type', 0, 0, NULL, NULL, NULL, NULL, 0, 0, N'0000000a-0000-0000-0000-000000000000')
GO
INSERT [dbo].[cmsPropertyType] ([id], [dataTypeId], [contentTypeId], [propertyTypeGroupId], [Alias], [Name], [sortOrder], [mandatory], [mandatoryMessage], [validationRegExp], [validationRegExpMessage], [Description], [labelOnTop], [variations], [UniqueID]) VALUES (24, -90, 1033, 4, N'umbracoFile', N'Upload file', 0, 1, NULL, NULL, NULL, NULL, 0, 0, N'00000018-0000-0000-0000-000000000000')
GO
INSERT [dbo].[cmsPropertyType] ([id], [dataTypeId], [contentTypeId], [propertyTypeGroupId], [Alias], [Name], [sortOrder], [mandatory], [mandatoryMessage], [validationRegExp], [validationRegExpMessage], [Description], [labelOnTop], [variations], [UniqueID]) VALUES (25, -92, 1033, 4, N'umbracoExtension', N'Type', 0, 0, NULL, NULL, NULL, NULL, 0, 0, N'00000019-0000-0000-0000-000000000000')
GO
INSERT [dbo].[cmsPropertyType] ([id], [dataTypeId], [contentTypeId], [propertyTypeGroupId], [Alias], [Name], [sortOrder], [mandatory], [mandatoryMessage], [validationRegExp], [validationRegExpMessage], [Description], [labelOnTop], [variations], [UniqueID]) VALUES (26, -93, 1033, 4, N'umbracoBytes', N'Size', 0, 0, NULL, NULL, NULL, N'in bytes', 0, 0, N'0000001a-0000-0000-0000-000000000000')
GO
INSERT [dbo].[cmsPropertyType] ([id], [dataTypeId], [contentTypeId], [propertyTypeGroupId], [Alias], [Name], [sortOrder], [mandatory], [mandatoryMessage], [validationRegExp], [validationRegExpMessage], [Description], [labelOnTop], [variations], [UniqueID]) VALUES (28, -89, 1044, 11, N'umbracoMemberComments', N'Comments', 0, 0, NULL, NULL, NULL, NULL, 0, 0, N'0000001c-0000-0000-0000-000000000000')
GO
INSERT [dbo].[cmsPropertyType] ([id], [dataTypeId], [contentTypeId], [propertyTypeGroupId], [Alias], [Name], [sortOrder], [mandatory], [mandatoryMessage], [validationRegExp], [validationRegExpMessage], [Description], [labelOnTop], [variations], [UniqueID]) VALUES (29, -91, 1044, 11, N'umbracoMemberFailedPasswordAttempts', N'Failed Password Attempts', 1, 0, NULL, NULL, NULL, NULL, 0, 0, N'0000001d-0000-0000-0000-000000000000')
GO
INSERT [dbo].[cmsPropertyType] ([id], [dataTypeId], [contentTypeId], [propertyTypeGroupId], [Alias], [Name], [sortOrder], [mandatory], [mandatoryMessage], [validationRegExp], [validationRegExpMessage], [Description], [labelOnTop], [variations], [UniqueID]) VALUES (30, -49, 1044, 11, N'umbracoMemberApproved', N'Is Approved', 2, 0, NULL, NULL, NULL, NULL, 0, 0, N'0000001e-0000-0000-0000-000000000000')
GO
INSERT [dbo].[cmsPropertyType] ([id], [dataTypeId], [contentTypeId], [propertyTypeGroupId], [Alias], [Name], [sortOrder], [mandatory], [mandatoryMessage], [validationRegExp], [validationRegExpMessage], [Description], [labelOnTop], [variations], [UniqueID]) VALUES (31, -49, 1044, 11, N'umbracoMemberLockedOut', N'Is Locked Out', 3, 0, NULL, NULL, NULL, NULL, 0, 0, N'0000001f-0000-0000-0000-000000000000')
GO
INSERT [dbo].[cmsPropertyType] ([id], [dataTypeId], [contentTypeId], [propertyTypeGroupId], [Alias], [Name], [sortOrder], [mandatory], [mandatoryMessage], [validationRegExp], [validationRegExpMessage], [Description], [labelOnTop], [variations], [UniqueID]) VALUES (32, -94, 1044, 11, N'umbracoMemberLastLockoutDate', N'Last Lockout Date', 4, 0, NULL, NULL, NULL, NULL, 0, 0, N'00000020-0000-0000-0000-000000000000')
GO
INSERT [dbo].[cmsPropertyType] ([id], [dataTypeId], [contentTypeId], [propertyTypeGroupId], [Alias], [Name], [sortOrder], [mandatory], [mandatoryMessage], [validationRegExp], [validationRegExpMessage], [Description], [labelOnTop], [variations], [UniqueID]) VALUES (33, -94, 1044, 11, N'umbracoMemberLastLogin', N'Last Login Date', 5, 0, NULL, NULL, NULL, NULL, 0, 0, N'00000021-0000-0000-0000-000000000000')
GO
INSERT [dbo].[cmsPropertyType] ([id], [dataTypeId], [contentTypeId], [propertyTypeGroupId], [Alias], [Name], [sortOrder], [mandatory], [mandatoryMessage], [validationRegExp], [validationRegExpMessage], [Description], [labelOnTop], [variations], [UniqueID]) VALUES (34, -94, 1044, 11, N'umbracoMemberLastPasswordChangeDate', N'Last Password Change Date', 6, 0, NULL, NULL, NULL, NULL, 0, 0, N'00000022-0000-0000-0000-000000000000')
GO
INSERT [dbo].[cmsPropertyType] ([id], [dataTypeId], [contentTypeId], [propertyTypeGroupId], [Alias], [Name], [sortOrder], [mandatory], [mandatoryMessage], [validationRegExp], [validationRegExpMessage], [Description], [labelOnTop], [variations], [UniqueID]) VALUES (35, -94, 1044, 11, N'umbracoMemberPasswordRetrievalQuestion', N'Password Question', 7, 0, NULL, NULL, NULL, NULL, 0, 0, N'00000023-0000-0000-0000-000000000000')
GO
INSERT [dbo].[cmsPropertyType] ([id], [dataTypeId], [contentTypeId], [propertyTypeGroupId], [Alias], [Name], [sortOrder], [mandatory], [mandatoryMessage], [validationRegExp], [validationRegExpMessage], [Description], [labelOnTop], [variations], [UniqueID]) VALUES (36, -94, 1044, 11, N'umbracoMemberPasswordRetrievalAnswer', N'Password Answer', 8, 0, NULL, NULL, NULL, NULL, 0, 0, N'00000024-0000-0000-0000-000000000000')
GO
INSERT [dbo].[cmsPropertyType] ([id], [dataTypeId], [contentTypeId], [propertyTypeGroupId], [Alias], [Name], [sortOrder], [mandatory], [mandatoryMessage], [validationRegExp], [validationRegExpMessage], [Description], [labelOnTop], [variations], [UniqueID]) VALUES (113, -88, 1074, 33, N'metaTitle', N'Meta Title', 0, 0, NULL, NULL, NULL, N'The title to be used for the current page, in conjunction with the site title.', 0, 0, N'353035dc-0071-4e81-954b-0696369eedf8')
GO
INSERT [dbo].[cmsPropertyType] ([id], [dataTypeId], [contentTypeId], [propertyTypeGroupId], [Alias], [Name], [sortOrder], [mandatory], [mandatoryMessage], [validationRegExp], [validationRegExpMessage], [Description], [labelOnTop], [variations], [UniqueID]) VALUES (114, -88, 1074, 33, N'metaDescription', N'Meta Description', 1, 0, NULL, NULL, NULL, N'The meta description to be used for the current page.', 0, 0, N'76a8c1e3-c5f8-41fd-adb7-d8997b67a734')
GO
INSERT [dbo].[cmsPropertyType] ([id], [dataTypeId], [contentTypeId], [propertyTypeGroupId], [Alias], [Name], [sortOrder], [mandatory], [mandatoryMessage], [validationRegExp], [validationRegExpMessage], [Description], [labelOnTop], [variations], [UniqueID]) VALUES (115, -88, 1074, 33, N'metaKeywords', N'Meta Keywords', 2, 0, NULL, NULL, NULL, N'The meta keywords to be used for the current page.', 0, 0, N'7c4e7ab3-2155-4c79-897e-ad2bb4b35744')
GO
INSERT [dbo].[cmsPropertyType] ([id], [dataTypeId], [contentTypeId], [propertyTypeGroupId], [Alias], [Name], [sortOrder], [mandatory], [mandatoryMessage], [validationRegExp], [validationRegExpMessage], [Description], [labelOnTop], [variations], [UniqueID]) VALUES (116, -49, 1074, 33, N'robotsNoFollow', N'Robots No Follow', 3, 0, NULL, NULL, NULL, N'When selected, search engines will be told not to follow links on the current page.', 0, 0, N'5d89c462-990a-4c84-8a3a-4c98c92da45a')
GO
INSERT [dbo].[cmsPropertyType] ([id], [dataTypeId], [contentTypeId], [propertyTypeGroupId], [Alias], [Name], [sortOrder], [mandatory], [mandatoryMessage], [validationRegExp], [validationRegExpMessage], [Description], [labelOnTop], [variations], [UniqueID]) VALUES (117, -49, 1074, 33, N'robotsNoIndex', N'Robots No Index', 4, 0, NULL, NULL, NULL, N'When selected, search engines will be told not to index the current page.', 0, 0, N'8f540438-5f54-43a9-9f61-aa36f764c47d')
GO
INSERT [dbo].[cmsPropertyType] ([id], [dataTypeId], [contentTypeId], [propertyTypeGroupId], [Alias], [Name], [sortOrder], [mandatory], [mandatoryMessage], [validationRegExp], [validationRegExpMessage], [Description], [labelOnTop], [variations], [UniqueID]) VALUES (118, 1087, 1075, 34, N'sitemapChangeFrequency', N'Sitemap Change Frequency', 0, 0, NULL, NULL, NULL, N'Suggestion to search engines with regards to how often the content of the page will.', 0, 0, N'ce7b6060-c26d-4043-9849-aaabf3284268')
GO
INSERT [dbo].[cmsPropertyType] ([id], [dataTypeId], [contentTypeId], [propertyTypeGroupId], [Alias], [Name], [sortOrder], [mandatory], [mandatoryMessage], [validationRegExp], [validationRegExpMessage], [Description], [labelOnTop], [variations], [UniqueID]) VALUES (119, 1088, 1075, 34, N'sitemapPriority', N'Sitemap Priority', 1, 0, NULL, NULL, NULL, N'The priority of this page relative to other pages on your.', 0, 0, N'00e234ef-0404-41aa-bf40-b4c64bfdd675')
GO
INSERT [dbo].[cmsPropertyType] ([id], [dataTypeId], [contentTypeId], [propertyTypeGroupId], [Alias], [Name], [sortOrder], [mandatory], [mandatoryMessage], [validationRegExp], [validationRegExpMessage], [Description], [labelOnTop], [variations], [UniqueID]) VALUES (120, 1046, 1076, 35, N'umbracoInternalRedirect', N'Umbraco Internal Redirect', 0, 0, NULL, NULL, NULL, N'Umbraco will load the selected pages content transparently without performing any URL redirection. This essentially performs a rewrite.', 0, 0, N'8e875bfc-21f1-456d-8fb9-7d8397c2d627')
GO
INSERT [dbo].[cmsPropertyType] ([id], [dataTypeId], [contentTypeId], [propertyTypeGroupId], [Alias], [Name], [sortOrder], [mandatory], [mandatoryMessage], [validationRegExp], [validationRegExpMessage], [Description], [labelOnTop], [variations], [UniqueID]) VALUES (121, 1046, 1076, 35, N'umbracoRedirect', N'Umbraco Redirect', 1, 0, NULL, NULL, NULL, N'Lets you create a 302 temporary redirect. This in effect means that when a user navigates to this node, they will be redirected away.', 0, 0, N'e9ad1e80-527e-407f-813b-463157f84492')
GO
INSERT [dbo].[cmsPropertyType] ([id], [dataTypeId], [contentTypeId], [propertyTypeGroupId], [Alias], [Name], [sortOrder], [mandatory], [mandatoryMessage], [validationRegExp], [validationRegExpMessage], [Description], [labelOnTop], [variations], [UniqueID]) VALUES (122, -88, 1076, 35, N'umbracoUrlAlias', N'Umbraco Url Alias', 2, 0, NULL, NULL, NULL, N'A comma separated list of alternate full URL paths for the node. For example, if your URL was /some-category/some-page/content-node, by adding an alias of "flowers", a user can navigate to the node by simply going to /flowers.', 0, 0, N'b2c9f9d9-c1f4-4b7f-814c-88e8fa607784')
GO
INSERT [dbo].[cmsPropertyType] ([id], [dataTypeId], [contentTypeId], [propertyTypeGroupId], [Alias], [Name], [sortOrder], [mandatory], [mandatoryMessage], [validationRegExp], [validationRegExpMessage], [Description], [labelOnTop], [variations], [UniqueID]) VALUES (123, -88, 1076, 35, N'umbracoUrlName', N'Umbraco Url Name', 3, 0, NULL, NULL, NULL, N'If you enter a value for this property and save/publish the content node you will see that it''s main URL is updated with a new path suffix.', 0, 0, N'427f5622-34c1-4d11-ad6a-30162c33bda3')
GO
INSERT [dbo].[cmsPropertyType] ([id], [dataTypeId], [contentTypeId], [propertyTypeGroupId], [Alias], [Name], [sortOrder], [mandatory], [mandatoryMessage], [validationRegExp], [validationRegExpMessage], [Description], [labelOnTop], [variations], [UniqueID]) VALUES (124, -88, 1085, 36, N'countryName', N'Country Name', 0, 1, NULL, NULL, NULL, N'Give the country a nice name instead of the Country Code used as the Page Name.', 0, 0, N'2ae51e40-e528-4214-8fc2-0b979d522a76')
GO
INSERT [dbo].[cmsPropertyType] ([id], [dataTypeId], [contentTypeId], [propertyTypeGroupId], [Alias], [Name], [sortOrder], [mandatory], [mandatoryMessage], [validationRegExp], [validationRegExpMessage], [Description], [labelOnTop], [variations], [UniqueID]) VALUES (125, -88, 1086, 37, N'languageName', N'Language Name', 0, 1, NULL, NULL, NULL, N'Give the language a nice name instead of the Language Code used as the Page Name.', 0, 0, N'e5f36450-e390-4a2c-889f-4b17b3f8638b')
GO
INSERT [dbo].[cmsPropertyType] ([id], [dataTypeId], [contentTypeId], [propertyTypeGroupId], [Alias], [Name], [sortOrder], [mandatory], [mandatoryMessage], [validationRegExp], [validationRegExpMessage], [Description], [labelOnTop], [variations], [UniqueID]) VALUES (126, -88, 1082, 38, N'googleAnalytics', N'Google Analytics', 0, 0, NULL, NULL, NULL, N'The Tracking Id to be used for Google Analytics. For example, UA-12345678-9.', 0, 0, N'd3a0153a-90ba-48e5-8d39-a257630da328')
GO
INSERT [dbo].[cmsPropertyType] ([id], [dataTypeId], [contentTypeId], [propertyTypeGroupId], [Alias], [Name], [sortOrder], [mandatory], [mandatoryMessage], [validationRegExp], [validationRegExpMessage], [Description], [labelOnTop], [variations], [UniqueID]) VALUES (128, 1090, 1084, 40, N'siteTheme', N'Site Theme', 0, 1, NULL, NULL, NULL, N'Select a theme that the current site will use to display.', 0, 0, N'857ed51e-3092-4d77-96fa-fd07e2236560')
GO
INSERT [dbo].[cmsPropertyType] ([id], [dataTypeId], [contentTypeId], [propertyTypeGroupId], [Alias], [Name], [sortOrder], [mandatory], [mandatoryMessage], [validationRegExp], [validationRegExpMessage], [Description], [labelOnTop], [variations], [UniqueID]) VALUES (129, -88, 1084, 40, N'siteTitle', N'Site Title', 1, 1, NULL, NULL, NULL, N'The title of the current site. Used on things such as the home page and browser title.', 0, 0, N'71567164-4732-49b8-91ef-29f967f093d0')
GO
INSERT [dbo].[cmsPropertyType] ([id], [dataTypeId], [contentTypeId], [propertyTypeGroupId], [Alias], [Name], [sortOrder], [mandatory], [mandatoryMessage], [validationRegExp], [validationRegExpMessage], [Description], [labelOnTop], [variations], [UniqueID]) VALUES (130, -88, 1084, 40, N'siteDescription', N'Site Description', 2, 1, NULL, NULL, NULL, N'The description of the current site. Used on things such as the home page.', 0, 0, N'b9324873-9746-474b-9411-02a3e3b294bc')
GO
INSERT [dbo].[cmsPropertyType] ([id], [dataTypeId], [contentTypeId], [propertyTypeGroupId], [Alias], [Name], [sortOrder], [mandatory], [mandatoryMessage], [validationRegExp], [validationRegExpMessage], [Description], [labelOnTop], [variations], [UniqueID]) VALUES (131, -88, 1114, 41, N'googleSiteVerification', N'Google Site Verification', 0, 0, NULL, NULL, NULL, N'The code to be used for Google Site Verification with Google Webmaster Tools.', 0, 0, N'9dbadaa5-ebd6-46e3-8016-1e757b8be936')
GO
SET IDENTITY_INSERT [dbo].[cmsPropertyType] OFF
GO
SET IDENTITY_INSERT [dbo].[cmsPropertyTypeGroup] ON 

GO
INSERT [dbo].[cmsPropertyTypeGroup] ([id], [contenttypeNodeId], [text], [sortorder], [uniqueID]) VALUES (3, 1032, N'Image', 1, N'79ed4d07-254a-42cf-8fa9-ebe1c116a596')
GO
INSERT [dbo].[cmsPropertyTypeGroup] ([id], [contenttypeNodeId], [text], [sortorder], [uniqueID]) VALUES (4, 1033, N'File', 1, N'50899f9c-023a-4466-b623-aba9049885fe')
GO
INSERT [dbo].[cmsPropertyTypeGroup] ([id], [contenttypeNodeId], [text], [sortorder], [uniqueID]) VALUES (11, 1044, N'Membership', 1, N'0756729d-d665-46e3-b84a-37aceaa614f8')
GO
INSERT [dbo].[cmsPropertyTypeGroup] ([id], [contenttypeNodeId], [text], [sortorder], [uniqueID]) VALUES (33, 1074, N'Meta', 100, N'ba3e70b5-f806-483b-b8bb-7c3ea9577f3d')
GO
INSERT [dbo].[cmsPropertyTypeGroup] ([id], [contenttypeNodeId], [text], [sortorder], [uniqueID]) VALUES (34, 1075, N'Sitemap', 110, N'5d9d0287-9470-43d7-9732-4124d33b6bd6')
GO
INSERT [dbo].[cmsPropertyTypeGroup] ([id], [contenttypeNodeId], [text], [sortorder], [uniqueID]) VALUES (35, 1076, N'Umbraco', 120, N'f3a0d485-978e-4101-882f-c41e80649069')
GO
INSERT [dbo].[cmsPropertyTypeGroup] ([id], [contenttypeNodeId], [text], [sortorder], [uniqueID]) VALUES (36, 1085, N'Contents', 0, N'88b9295f-d0ed-4b1c-a8f1-4736f995ee14')
GO
INSERT [dbo].[cmsPropertyTypeGroup] ([id], [contenttypeNodeId], [text], [sortorder], [uniqueID]) VALUES (37, 1086, N'Contents', 0, N'0fe7691b-1336-4ff2-ae51-a7596ceee8a1')
GO
INSERT [dbo].[cmsPropertyTypeGroup] ([id], [contenttypeNodeId], [text], [sortorder], [uniqueID]) VALUES (38, 1082, N'Configuration', 0, N'28e4fad3-659c-4c0c-a90d-a0cebde21e60')
GO
INSERT [dbo].[cmsPropertyTypeGroup] ([id], [contenttypeNodeId], [text], [sortorder], [uniqueID]) VALUES (40, 1084, N'Configuration', 0, N'2b7c1bdf-331e-4f7a-9fd9-176f7f49a3e0')
GO
INSERT [dbo].[cmsPropertyTypeGroup] ([id], [contenttypeNodeId], [text], [sortorder], [uniqueID]) VALUES (41, 1114, N'Configuration', 0, N'c67219cf-f129-4f06-8bd5-979c6de67bb2')
GO
SET IDENTITY_INSERT [dbo].[cmsPropertyTypeGroup] OFF
GO
SET IDENTITY_INSERT [dbo].[cmsTemplate] ON 

GO
INSERT [dbo].[cmsTemplate] ([pk], [nodeId], [alias]) VALUES (2, 1077, N'ContentPage')
GO
INSERT [dbo].[cmsTemplate] ([pk], [nodeId], [alias]) VALUES (3, 1079, N'HomePage')
GO
INSERT [dbo].[cmsTemplate] ([pk], [nodeId], [alias]) VALUES (4, 1089, N'BasePage')
GO
SET IDENTITY_INSERT [dbo].[cmsTemplate] OFF
GO
INSERT [dbo].[umbracoContent] ([nodeId], [contentTypeId]) VALUES (1091, 1085)
GO
INSERT [dbo].[umbracoContent] ([nodeId], [contentTypeId]) VALUES (1092, 1085)
GO
INSERT [dbo].[umbracoContent] ([nodeId], [contentTypeId]) VALUES (1094, 1086)
GO
INSERT [dbo].[umbracoContent] ([nodeId], [contentTypeId]) VALUES (1095, 1086)
GO
INSERT [dbo].[umbracoContent] ([nodeId], [contentTypeId]) VALUES (1096, 1080)
GO
INSERT [dbo].[umbracoContent] ([nodeId], [contentTypeId]) VALUES (1097, 1080)
GO
INSERT [dbo].[umbracoContent] ([nodeId], [contentTypeId]) VALUES (1098, 1080)
GO
INSERT [dbo].[umbracoContent] ([nodeId], [contentTypeId]) VALUES (1099, 1078)
GO
INSERT [dbo].[umbracoContent] ([nodeId], [contentTypeId]) VALUES (1100, 1078)
GO
INSERT [dbo].[umbracoContent] ([nodeId], [contentTypeId]) VALUES (1101, 1078)
GO
INSERT [dbo].[umbracoContent] ([nodeId], [contentTypeId]) VALUES (1102, 1081)
GO
INSERT [dbo].[umbracoContent] ([nodeId], [contentTypeId]) VALUES (1103, 1081)
GO
INSERT [dbo].[umbracoContent] ([nodeId], [contentTypeId]) VALUES (1104, 1081)
GO
INSERT [dbo].[umbracoContent] ([nodeId], [contentTypeId]) VALUES (1105, 1082)
GO
INSERT [dbo].[umbracoContent] ([nodeId], [contentTypeId]) VALUES (1106, 1082)
GO
INSERT [dbo].[umbracoContent] ([nodeId], [contentTypeId]) VALUES (1107, 1082)
GO
INSERT [dbo].[umbracoContent] ([nodeId], [contentTypeId]) VALUES (1111, 1084)
GO
INSERT [dbo].[umbracoContent] ([nodeId], [contentTypeId]) VALUES (1112, 1084)
GO
INSERT [dbo].[umbracoContent] ([nodeId], [contentTypeId]) VALUES (1113, 1084)
GO
INSERT [dbo].[umbracoContent] ([nodeId], [contentTypeId]) VALUES (1115, 1114)
GO
INSERT [dbo].[umbracoContent] ([nodeId], [contentTypeId]) VALUES (1116, 1114)
GO
INSERT [dbo].[umbracoContent] ([nodeId], [contentTypeId]) VALUES (1117, 1114)
GO
SET IDENTITY_INSERT [dbo].[umbracoContentVersion] ON 

GO
INSERT [dbo].[umbracoContentVersion] ([id], [nodeId], [versionDate], [userId], [current], [text]) VALUES (1, 1091, CAST(N'2021-01-25T12:02:38.820' AS DateTime), -1, 0, N'GB')
GO
INSERT [dbo].[umbracoContentVersion] ([id], [nodeId], [versionDate], [userId], [current], [text]) VALUES (2, 1091, CAST(N'2021-01-25T12:02:38.820' AS DateTime), -1, 1, N'GB')
GO
INSERT [dbo].[umbracoContentVersion] ([id], [nodeId], [versionDate], [userId], [current], [text]) VALUES (3, 1092, CAST(N'2021-01-25T12:03:13.917' AS DateTime), -1, 0, N'BE')
GO
INSERT [dbo].[umbracoContentVersion] ([id], [nodeId], [versionDate], [userId], [current], [text]) VALUES (4, 1092, CAST(N'2021-01-25T12:03:13.917' AS DateTime), -1, 1, N'BE')
GO
INSERT [dbo].[umbracoContentVersion] ([id], [nodeId], [versionDate], [userId], [current], [text]) VALUES (6, 1094, CAST(N'2021-01-25T13:32:15.667' AS DateTime), -1, 0, N'NL-BE')
GO
INSERT [dbo].[umbracoContentVersion] ([id], [nodeId], [versionDate], [userId], [current], [text]) VALUES (7, 1094, CAST(N'2021-01-25T13:53:27.153' AS DateTime), -1, 1, N'NL-BE')
GO
INSERT [dbo].[umbracoContentVersion] ([id], [nodeId], [versionDate], [userId], [current], [text]) VALUES (8, 1095, CAST(N'2021-01-25T13:32:49.860' AS DateTime), -1, 0, N'FR-BE')
GO
INSERT [dbo].[umbracoContentVersion] ([id], [nodeId], [versionDate], [userId], [current], [text]) VALUES (9, 1095, CAST(N'2021-01-25T13:53:26.833' AS DateTime), -1, 1, N'FR-BE')
GO
INSERT [dbo].[umbracoContentVersion] ([id], [nodeId], [versionDate], [userId], [current], [text]) VALUES (10, 1096, CAST(N'2021-01-25T13:34:58.470' AS DateTime), -1, 0, N'Huis')
GO
INSERT [dbo].[umbracoContentVersion] ([id], [nodeId], [versionDate], [userId], [current], [text]) VALUES (11, 1096, CAST(N'2021-01-25T13:50:21.397' AS DateTime), -1, 0, N'Home')
GO
INSERT [dbo].[umbracoContentVersion] ([id], [nodeId], [versionDate], [userId], [current], [text]) VALUES (12, 1097, CAST(N'2021-01-25T13:37:54.267' AS DateTime), -1, 0, N'Accueil')
GO
INSERT [dbo].[umbracoContentVersion] ([id], [nodeId], [versionDate], [userId], [current], [text]) VALUES (13, 1097, CAST(N'2021-01-25T13:50:46.140' AS DateTime), -1, 0, N'Home')
GO
INSERT [dbo].[umbracoContentVersion] ([id], [nodeId], [versionDate], [userId], [current], [text]) VALUES (14, 1098, CAST(N'2021-01-25T13:44:20.983' AS DateTime), -1, 0, N'Home')
GO
INSERT [dbo].[umbracoContentVersion] ([id], [nodeId], [versionDate], [userId], [current], [text]) VALUES (15, 1098, CAST(N'2021-01-25T23:10:40.590' AS DateTime), -1, 0, N'Home')
GO
INSERT [dbo].[umbracoContentVersion] ([id], [nodeId], [versionDate], [userId], [current], [text]) VALUES (16, 1099, CAST(N'2021-01-25T13:44:55.457' AS DateTime), -1, 0, N'Content')
GO
INSERT [dbo].[umbracoContentVersion] ([id], [nodeId], [versionDate], [userId], [current], [text]) VALUES (17, 1099, CAST(N'2021-01-25T23:09:38.703' AS DateTime), -1, 0, N'Content')
GO
INSERT [dbo].[umbracoContentVersion] ([id], [nodeId], [versionDate], [userId], [current], [text]) VALUES (18, 1100, CAST(N'2021-01-25T13:45:29.353' AS DateTime), -1, 0, N'Inhoud')
GO
INSERT [dbo].[umbracoContentVersion] ([id], [nodeId], [versionDate], [userId], [current], [text]) VALUES (19, 1100, CAST(N'2021-01-25T13:50:32.450' AS DateTime), -1, 0, N'Content')
GO
INSERT [dbo].[umbracoContentVersion] ([id], [nodeId], [versionDate], [userId], [current], [text]) VALUES (20, 1101, CAST(N'2021-01-25T13:45:44.893' AS DateTime), -1, 0, N'Contenu')
GO
INSERT [dbo].[umbracoContentVersion] ([id], [nodeId], [versionDate], [userId], [current], [text]) VALUES (21, 1101, CAST(N'2021-01-25T13:50:56.783' AS DateTime), -1, 0, N'Content')
GO
INSERT [dbo].[umbracoContentVersion] ([id], [nodeId], [versionDate], [userId], [current], [text]) VALUES (22, 1102, CAST(N'2021-01-25T13:49:32.537' AS DateTime), -1, 0, N'Site Configuration')
GO
INSERT [dbo].[umbracoContentVersion] ([id], [nodeId], [versionDate], [userId], [current], [text]) VALUES (23, 1102, CAST(N'2021-01-25T13:49:32.537' AS DateTime), -1, 1, N'Site Configuration')
GO
INSERT [dbo].[umbracoContentVersion] ([id], [nodeId], [versionDate], [userId], [current], [text]) VALUES (24, 1103, CAST(N'2021-01-25T13:49:52.167' AS DateTime), -1, 0, N'Site Configuration')
GO
INSERT [dbo].[umbracoContentVersion] ([id], [nodeId], [versionDate], [userId], [current], [text]) VALUES (25, 1103, CAST(N'2021-01-25T13:49:52.167' AS DateTime), -1, 1, N'Site Configuration')
GO
INSERT [dbo].[umbracoContentVersion] ([id], [nodeId], [versionDate], [userId], [current], [text]) VALUES (26, 1104, CAST(N'2021-01-25T13:50:07.827' AS DateTime), -1, 0, N'Site Configuration')
GO
INSERT [dbo].[umbracoContentVersion] ([id], [nodeId], [versionDate], [userId], [current], [text]) VALUES (27, 1104, CAST(N'2021-01-25T13:50:07.827' AS DateTime), -1, 1, N'Site Configuration')
GO
INSERT [dbo].[umbracoContentVersion] ([id], [nodeId], [versionDate], [userId], [current], [text]) VALUES (28, 1096, CAST(N'2021-01-25T13:50:21.397' AS DateTime), -1, 1, N'Home')
GO
INSERT [dbo].[umbracoContentVersion] ([id], [nodeId], [versionDate], [userId], [current], [text]) VALUES (29, 1100, CAST(N'2021-01-25T13:50:32.450' AS DateTime), -1, 1, N'Content')
GO
INSERT [dbo].[umbracoContentVersion] ([id], [nodeId], [versionDate], [userId], [current], [text]) VALUES (30, 1097, CAST(N'2021-01-25T13:50:46.140' AS DateTime), -1, 1, N'Home')
GO
INSERT [dbo].[umbracoContentVersion] ([id], [nodeId], [versionDate], [userId], [current], [text]) VALUES (31, 1101, CAST(N'2021-01-25T13:50:56.783' AS DateTime), -1, 1, N'Content')
GO
INSERT [dbo].[umbracoContentVersion] ([id], [nodeId], [versionDate], [userId], [current], [text]) VALUES (32, 1105, CAST(N'2021-01-25T13:53:02.950' AS DateTime), -1, 0, N'Analytics')
GO
INSERT [dbo].[umbracoContentVersion] ([id], [nodeId], [versionDate], [userId], [current], [text]) VALUES (33, 1105, CAST(N'2021-01-25T13:53:02.950' AS DateTime), -1, 1, N'Analytics')
GO
INSERT [dbo].[umbracoContentVersion] ([id], [nodeId], [versionDate], [userId], [current], [text]) VALUES (34, 1106, CAST(N'2021-01-25T13:53:49.347' AS DateTime), -1, 0, N'Analytics')
GO
INSERT [dbo].[umbracoContentVersion] ([id], [nodeId], [versionDate], [userId], [current], [text]) VALUES (35, 1106, CAST(N'2021-01-25T13:53:49.347' AS DateTime), -1, 1, N'Analytics')
GO
INSERT [dbo].[umbracoContentVersion] ([id], [nodeId], [versionDate], [userId], [current], [text]) VALUES (36, 1107, CAST(N'2021-01-25T13:54:16.597' AS DateTime), -1, 0, N'Analytics')
GO
INSERT [dbo].[umbracoContentVersion] ([id], [nodeId], [versionDate], [userId], [current], [text]) VALUES (37, 1107, CAST(N'2021-01-25T13:54:16.597' AS DateTime), -1, 1, N'Analytics')
GO
INSERT [dbo].[umbracoContentVersion] ([id], [nodeId], [versionDate], [userId], [current], [text]) VALUES (44, 1111, CAST(N'2021-01-25T13:55:41.883' AS DateTime), -1, 0, N'Site Content')
GO
INSERT [dbo].[umbracoContentVersion] ([id], [nodeId], [versionDate], [userId], [current], [text]) VALUES (45, 1111, CAST(N'2021-01-25T13:56:24.543' AS DateTime), -1, 0, N'Site Content')
GO
INSERT [dbo].[umbracoContentVersion] ([id], [nodeId], [versionDate], [userId], [current], [text]) VALUES (46, 1112, CAST(N'2021-01-25T13:56:16.780' AS DateTime), -1, 0, N'Site Content')
GO
INSERT [dbo].[umbracoContentVersion] ([id], [nodeId], [versionDate], [userId], [current], [text]) VALUES (47, 1112, CAST(N'2021-01-26T22:09:47.187' AS DateTime), -1, 0, N'Site Content')
GO
INSERT [dbo].[umbracoContentVersion] ([id], [nodeId], [versionDate], [userId], [current], [text]) VALUES (48, 1111, CAST(N'2021-01-26T22:08:57.023' AS DateTime), -1, 0, N'Site Content')
GO
INSERT [dbo].[umbracoContentVersion] ([id], [nodeId], [versionDate], [userId], [current], [text]) VALUES (49, 1113, CAST(N'2021-01-25T13:56:53.793' AS DateTime), -1, 0, N'Site Content')
GO
INSERT [dbo].[umbracoContentVersion] ([id], [nodeId], [versionDate], [userId], [current], [text]) VALUES (50, 1113, CAST(N'2021-01-26T22:11:26.750' AS DateTime), -1, 0, N'Site Content')
GO
INSERT [dbo].[umbracoContentVersion] ([id], [nodeId], [versionDate], [userId], [current], [text]) VALUES (55, 1115, CAST(N'2021-01-25T22:47:08.023' AS DateTime), -1, 0, N'SEO')
GO
INSERT [dbo].[umbracoContentVersion] ([id], [nodeId], [versionDate], [userId], [current], [text]) VALUES (56, 1115, CAST(N'2021-01-25T22:47:24.413' AS DateTime), -1, 1, N'SEO')
GO
INSERT [dbo].[umbracoContentVersion] ([id], [nodeId], [versionDate], [userId], [current], [text]) VALUES (57, 1116, CAST(N'2021-01-25T22:48:09.913' AS DateTime), -1, 0, N'SEO')
GO
INSERT [dbo].[umbracoContentVersion] ([id], [nodeId], [versionDate], [userId], [current], [text]) VALUES (58, 1116, CAST(N'2021-01-25T22:48:19.770' AS DateTime), -1, 1, N'SEO')
GO
INSERT [dbo].[umbracoContentVersion] ([id], [nodeId], [versionDate], [userId], [current], [text]) VALUES (59, 1117, CAST(N'2021-01-25T22:48:36.710' AS DateTime), -1, 0, N'SEO')
GO
INSERT [dbo].[umbracoContentVersion] ([id], [nodeId], [versionDate], [userId], [current], [text]) VALUES (60, 1117, CAST(N'2021-01-25T22:48:45.867' AS DateTime), -1, 1, N'SEO')
GO
INSERT [dbo].[umbracoContentVersion] ([id], [nodeId], [versionDate], [userId], [current], [text]) VALUES (61, 1099, CAST(N'2021-01-25T23:09:50.423' AS DateTime), -1, 0, N'Content')
GO
INSERT [dbo].[umbracoContentVersion] ([id], [nodeId], [versionDate], [userId], [current], [text]) VALUES (62, 1099, CAST(N'2021-01-25T23:09:56.377' AS DateTime), -1, 0, N'Content')
GO
INSERT [dbo].[umbracoContentVersion] ([id], [nodeId], [versionDate], [userId], [current], [text]) VALUES (63, 1099, CAST(N'2021-01-25T23:10:01.660' AS DateTime), -1, 0, N'Content')
GO
INSERT [dbo].[umbracoContentVersion] ([id], [nodeId], [versionDate], [userId], [current], [text]) VALUES (64, 1099, CAST(N'2021-01-25T23:10:06.750' AS DateTime), -1, 0, N'Content')
GO
INSERT [dbo].[umbracoContentVersion] ([id], [nodeId], [versionDate], [userId], [current], [text]) VALUES (65, 1099, CAST(N'2021-01-25T23:10:11.880' AS DateTime), -1, 0, N'Content')
GO
INSERT [dbo].[umbracoContentVersion] ([id], [nodeId], [versionDate], [userId], [current], [text]) VALUES (66, 1099, CAST(N'2021-01-25T23:10:21.313' AS DateTime), -1, 0, N'Content')
GO
INSERT [dbo].[umbracoContentVersion] ([id], [nodeId], [versionDate], [userId], [current], [text]) VALUES (67, 1099, CAST(N'2021-01-25T23:10:21.313' AS DateTime), -1, 1, N'Content')
GO
INSERT [dbo].[umbracoContentVersion] ([id], [nodeId], [versionDate], [userId], [current], [text]) VALUES (68, 1098, CAST(N'2021-01-25T23:10:51.297' AS DateTime), -1, 0, N'Home')
GO
INSERT [dbo].[umbracoContentVersion] ([id], [nodeId], [versionDate], [userId], [current], [text]) VALUES (69, 1098, CAST(N'2021-01-25T23:22:36.110' AS DateTime), -1, 0, N'Home')
GO
INSERT [dbo].[umbracoContentVersion] ([id], [nodeId], [versionDate], [userId], [current], [text]) VALUES (70, 1098, CAST(N'2021-01-25T23:22:36.110' AS DateTime), -1, 1, N'Home')
GO
INSERT [dbo].[umbracoContentVersion] ([id], [nodeId], [versionDate], [userId], [current], [text]) VALUES (71, 1111, CAST(N'2021-01-26T22:09:12.313' AS DateTime), -1, 0, N'Site Content')
GO
INSERT [dbo].[umbracoContentVersion] ([id], [nodeId], [versionDate], [userId], [current], [text]) VALUES (72, 1111, CAST(N'2021-01-26T22:09:24.170' AS DateTime), -1, 0, N'Site Content')
GO
INSERT [dbo].[umbracoContentVersion] ([id], [nodeId], [versionDate], [userId], [current], [text]) VALUES (73, 1111, CAST(N'2021-01-26T22:11:46.340' AS DateTime), -1, 0, N'Site Content')
GO
INSERT [dbo].[umbracoContentVersion] ([id], [nodeId], [versionDate], [userId], [current], [text]) VALUES (74, 1112, CAST(N'2021-01-26T22:09:47.187' AS DateTime), -1, 1, N'Site Content')
GO
INSERT [dbo].[umbracoContentVersion] ([id], [nodeId], [versionDate], [userId], [current], [text]) VALUES (75, 1113, CAST(N'2021-01-26T22:11:26.750' AS DateTime), -1, 1, N'Site Content')
GO
INSERT [dbo].[umbracoContentVersion] ([id], [nodeId], [versionDate], [userId], [current], [text]) VALUES (76, 1111, CAST(N'2021-01-26T22:22:48.180' AS DateTime), -1, 0, N'Site Content')
GO
INSERT [dbo].[umbracoContentVersion] ([id], [nodeId], [versionDate], [userId], [current], [text]) VALUES (77, 1111, CAST(N'2021-01-26T22:22:57.500' AS DateTime), -1, 0, N'Site Content')
GO
INSERT [dbo].[umbracoContentVersion] ([id], [nodeId], [versionDate], [userId], [current], [text]) VALUES (78, 1111, CAST(N'2021-01-26T22:23:05.567' AS DateTime), -1, 0, N'Site Content')
GO
INSERT [dbo].[umbracoContentVersion] ([id], [nodeId], [versionDate], [userId], [current], [text]) VALUES (79, 1111, CAST(N'2021-01-29T13:57:02.793' AS DateTime), -1, 0, N'Site Content')
GO
INSERT [dbo].[umbracoContentVersion] ([id], [nodeId], [versionDate], [userId], [current], [text]) VALUES (80, 1111, CAST(N'2021-01-29T13:57:02.793' AS DateTime), -1, 1, N'Site Content')
GO
SET IDENTITY_INSERT [dbo].[umbracoContentVersion] OFF
GO
INSERT [dbo].[umbracoDataType] ([nodeId], [propertyEditorAlias], [dbType], [config]) VALUES (-99, N'Umbraco.Label', N'Decimal', N'{"umbracoDataValueType":"DECIMAL"}')
GO
INSERT [dbo].[umbracoDataType] ([nodeId], [propertyEditorAlias], [dbType], [config]) VALUES (-98, N'Umbraco.Label', N'Date', N'{"umbracoDataValueType":"TIME"}')
GO
INSERT [dbo].[umbracoDataType] ([nodeId], [propertyEditorAlias], [dbType], [config]) VALUES (-97, N'Umbraco.ListView', N'Nvarchar', N'{"pageSize":10, "orderBy":"username", "orderDirection":"asc", "includeProperties":[{"alias":"username","isSystem":1},{"alias":"email","isSystem":1},{"alias":"updateDate","header":"Last edited","isSystem":1}]}')
GO
INSERT [dbo].[umbracoDataType] ([nodeId], [propertyEditorAlias], [dbType], [config]) VALUES (-96, N'Umbraco.ListView', N'Nvarchar', N'{"pageSize":100, "orderBy":"updateDate", "orderDirection":"desc", "layouts":[{"name": "Grid","path": "views/propertyeditors/listview/layouts/grid/grid.html", "icon": "icon-thumbnails-small", "isSystem": 1, "selected": true},{"name": "List","path": "views/propertyeditors/listview/layouts/list/list.html","icon": "icon-list", "isSystem": 1,"selected": true}], "includeProperties":[{"alias":"updateDate","header":"Last edited","isSystem":1},{"alias":"owner","header":"Updated by","isSystem":1}]}')
GO
INSERT [dbo].[umbracoDataType] ([nodeId], [propertyEditorAlias], [dbType], [config]) VALUES (-95, N'Umbraco.ListView', N'Nvarchar', N'{"pageSize":100, "orderBy":"updateDate", "orderDirection":"desc", "layouts":[{"name": "Grid","path": "views/propertyeditors/listview/layouts/grid/grid.html", "icon": "icon-thumbnails-small", "isSystem": 1, "selected": true},{"name": "List","path": "views/propertyeditors/listview/layouts/list/list.html","icon": "icon-list", "isSystem": 1,"selected": true}], "includeProperties":[{"alias":"updateDate","header":"Last edited","isSystem":1},{"alias":"owner","header":"Updated by","isSystem":1}]}')
GO
INSERT [dbo].[umbracoDataType] ([nodeId], [propertyEditorAlias], [dbType], [config]) VALUES (-94, N'Umbraco.Label', N'Date', N'{"umbracoDataValueType":"DATETIME"}')
GO
INSERT [dbo].[umbracoDataType] ([nodeId], [propertyEditorAlias], [dbType], [config]) VALUES (-93, N'Umbraco.Label', N'Nvarchar', N'{"umbracoDataValueType":"BIGINT"}')
GO
INSERT [dbo].[umbracoDataType] ([nodeId], [propertyEditorAlias], [dbType], [config]) VALUES (-92, N'Umbraco.Label', N'Nvarchar', N'{"umbracoDataValueType":"STRING"}')
GO
INSERT [dbo].[umbracoDataType] ([nodeId], [propertyEditorAlias], [dbType], [config]) VALUES (-91, N'Umbraco.Label', N'Integer', N'{"umbracoDataValueType":"INT"}')
GO
INSERT [dbo].[umbracoDataType] ([nodeId], [propertyEditorAlias], [dbType], [config]) VALUES (-90, N'Umbraco.UploadField', N'Nvarchar', NULL)
GO
INSERT [dbo].[umbracoDataType] ([nodeId], [propertyEditorAlias], [dbType], [config]) VALUES (-89, N'Umbraco.TextArea', N'Ntext', NULL)
GO
INSERT [dbo].[umbracoDataType] ([nodeId], [propertyEditorAlias], [dbType], [config]) VALUES (-88, N'Umbraco.TextBox', N'Nvarchar', NULL)
GO
INSERT [dbo].[umbracoDataType] ([nodeId], [propertyEditorAlias], [dbType], [config]) VALUES (-87, N'Umbraco.TinyMCE', N'Ntext', N'{"value":",code,undo,redo,cut,copy,mcepasteword,stylepicker,bold,italic,bullist,numlist,outdent,indent,mcelink,unlink,mceinsertanchor,mceimage,umbracomacro,mceinserttable,umbracoembed,mcecharmap,|1|1,2,3,|0|500,400|1049,|true|"}')
GO
INSERT [dbo].[umbracoDataType] ([nodeId], [propertyEditorAlias], [dbType], [config]) VALUES (-51, N'Umbraco.Integer', N'Integer', NULL)
GO
INSERT [dbo].[umbracoDataType] ([nodeId], [propertyEditorAlias], [dbType], [config]) VALUES (-49, N'Umbraco.TrueFalse', N'Integer', NULL)
GO
INSERT [dbo].[umbracoDataType] ([nodeId], [propertyEditorAlias], [dbType], [config]) VALUES (-43, N'Umbraco.CheckBoxList', N'Nvarchar', NULL)
GO
INSERT [dbo].[umbracoDataType] ([nodeId], [propertyEditorAlias], [dbType], [config]) VALUES (-42, N'Umbraco.DropDown.Flexible', N'Nvarchar', N'{"multiple":true}')
GO
INSERT [dbo].[umbracoDataType] ([nodeId], [propertyEditorAlias], [dbType], [config]) VALUES (-41, N'Umbraco.DateTime', N'Date', N'{"format":"YYYY-MM-DD"}')
GO
INSERT [dbo].[umbracoDataType] ([nodeId], [propertyEditorAlias], [dbType], [config]) VALUES (-40, N'Umbraco.RadioButtonList', N'Nvarchar', NULL)
GO
INSERT [dbo].[umbracoDataType] ([nodeId], [propertyEditorAlias], [dbType], [config]) VALUES (-39, N'Umbraco.DropDown.Flexible', N'Nvarchar', N'{"multiple":false}')
GO
INSERT [dbo].[umbracoDataType] ([nodeId], [propertyEditorAlias], [dbType], [config]) VALUES (-37, N'Umbraco.ColorPicker', N'Nvarchar', NULL)
GO
INSERT [dbo].[umbracoDataType] ([nodeId], [propertyEditorAlias], [dbType], [config]) VALUES (-36, N'Umbraco.DateTime', N'Date', NULL)
GO
INSERT [dbo].[umbracoDataType] ([nodeId], [propertyEditorAlias], [dbType], [config]) VALUES (1041, N'Umbraco.Tags', N'Ntext', N'{"group":"default", "storageType":"Json"}')
GO
INSERT [dbo].[umbracoDataType] ([nodeId], [propertyEditorAlias], [dbType], [config]) VALUES (1043, N'Umbraco.ImageCropper', N'Ntext', NULL)
GO
INSERT [dbo].[umbracoDataType] ([nodeId], [propertyEditorAlias], [dbType], [config]) VALUES (1046, N'Umbraco.ContentPicker', N'Nvarchar', NULL)
GO
INSERT [dbo].[umbracoDataType] ([nodeId], [propertyEditorAlias], [dbType], [config]) VALUES (1047, N'Umbraco.MemberPicker', N'Nvarchar', NULL)
GO
INSERT [dbo].[umbracoDataType] ([nodeId], [propertyEditorAlias], [dbType], [config]) VALUES (1048, N'Umbraco.MediaPicker', N'Ntext', NULL)
GO
INSERT [dbo].[umbracoDataType] ([nodeId], [propertyEditorAlias], [dbType], [config]) VALUES (1049, N'Umbraco.MediaPicker', N'Ntext', N'{"multiPicker":1}')
GO
INSERT [dbo].[umbracoDataType] ([nodeId], [propertyEditorAlias], [dbType], [config]) VALUES (1050, N'Umbraco.MultiUrlPicker', N'Ntext', NULL)
GO
INSERT [dbo].[umbracoDataType] ([nodeId], [propertyEditorAlias], [dbType], [config]) VALUES (1087, N'Umbraco.DropDown.Flexible', N'Nvarchar', N'{"multiple":false,"items":[{"id":1,"value":"Always"},{"id":2,"value":"Hourly"},{"id":3,"value":"Daily"},{"id":4,"value":"Weekly"},{"id":5,"value":"Monthly"},{"id":6,"value":"Yearly"},{"id":7,"value":"Never"}]}')
GO
INSERT [dbo].[umbracoDataType] ([nodeId], [propertyEditorAlias], [dbType], [config]) VALUES (1088, N'Umbraco.Slider', N'Nvarchar', N'{"enableRange":false,"initVal1":0.0,"initVal2":0.0,"minVal":0.0,"maxVal":1.0,"step":0.1}')
GO
INSERT [dbo].[umbracoDataType] ([nodeId], [propertyEditorAlias], [dbType], [config]) VALUES (1090, N'CloudTransformer.ThemePicker', N'Nvarchar', N'{}')
GO
INSERT [dbo].[umbracoDocument] ([nodeId], [published], [edited]) VALUES (1091, 1, 0)
GO
INSERT [dbo].[umbracoDocument] ([nodeId], [published], [edited]) VALUES (1092, 1, 0)
GO
INSERT [dbo].[umbracoDocument] ([nodeId], [published], [edited]) VALUES (1094, 1, 0)
GO
INSERT [dbo].[umbracoDocument] ([nodeId], [published], [edited]) VALUES (1095, 1, 0)
GO
INSERT [dbo].[umbracoDocument] ([nodeId], [published], [edited]) VALUES (1096, 1, 0)
GO
INSERT [dbo].[umbracoDocument] ([nodeId], [published], [edited]) VALUES (1097, 1, 0)
GO
INSERT [dbo].[umbracoDocument] ([nodeId], [published], [edited]) VALUES (1098, 1, 0)
GO
INSERT [dbo].[umbracoDocument] ([nodeId], [published], [edited]) VALUES (1099, 1, 0)
GO
INSERT [dbo].[umbracoDocument] ([nodeId], [published], [edited]) VALUES (1100, 1, 0)
GO
INSERT [dbo].[umbracoDocument] ([nodeId], [published], [edited]) VALUES (1101, 1, 0)
GO
INSERT [dbo].[umbracoDocument] ([nodeId], [published], [edited]) VALUES (1102, 1, 0)
GO
INSERT [dbo].[umbracoDocument] ([nodeId], [published], [edited]) VALUES (1103, 1, 0)
GO
INSERT [dbo].[umbracoDocument] ([nodeId], [published], [edited]) VALUES (1104, 1, 0)
GO
INSERT [dbo].[umbracoDocument] ([nodeId], [published], [edited]) VALUES (1105, 1, 0)
GO
INSERT [dbo].[umbracoDocument] ([nodeId], [published], [edited]) VALUES (1106, 1, 0)
GO
INSERT [dbo].[umbracoDocument] ([nodeId], [published], [edited]) VALUES (1107, 1, 0)
GO
INSERT [dbo].[umbracoDocument] ([nodeId], [published], [edited]) VALUES (1111, 1, 0)
GO
INSERT [dbo].[umbracoDocument] ([nodeId], [published], [edited]) VALUES (1112, 1, 0)
GO
INSERT [dbo].[umbracoDocument] ([nodeId], [published], [edited]) VALUES (1113, 1, 0)
GO
INSERT [dbo].[umbracoDocument] ([nodeId], [published], [edited]) VALUES (1115, 1, 0)
GO
INSERT [dbo].[umbracoDocument] ([nodeId], [published], [edited]) VALUES (1116, 1, 0)
GO
INSERT [dbo].[umbracoDocument] ([nodeId], [published], [edited]) VALUES (1117, 1, 0)
GO
INSERT [dbo].[umbracoDocumentVersion] ([id], [templateId], [published]) VALUES (1, NULL, 1)
GO
INSERT [dbo].[umbracoDocumentVersion] ([id], [templateId], [published]) VALUES (2, NULL, 0)
GO
INSERT [dbo].[umbracoDocumentVersion] ([id], [templateId], [published]) VALUES (3, NULL, 1)
GO
INSERT [dbo].[umbracoDocumentVersion] ([id], [templateId], [published]) VALUES (4, NULL, 0)
GO
INSERT [dbo].[umbracoDocumentVersion] ([id], [templateId], [published]) VALUES (6, NULL, 1)
GO
INSERT [dbo].[umbracoDocumentVersion] ([id], [templateId], [published]) VALUES (7, NULL, 0)
GO
INSERT [dbo].[umbracoDocumentVersion] ([id], [templateId], [published]) VALUES (8, NULL, 1)
GO
INSERT [dbo].[umbracoDocumentVersion] ([id], [templateId], [published]) VALUES (9, NULL, 0)
GO
INSERT [dbo].[umbracoDocumentVersion] ([id], [templateId], [published]) VALUES (10, 1079, 0)
GO
INSERT [dbo].[umbracoDocumentVersion] ([id], [templateId], [published]) VALUES (11, 1079, 1)
GO
INSERT [dbo].[umbracoDocumentVersion] ([id], [templateId], [published]) VALUES (12, 1079, 0)
GO
INSERT [dbo].[umbracoDocumentVersion] ([id], [templateId], [published]) VALUES (13, 1079, 1)
GO
INSERT [dbo].[umbracoDocumentVersion] ([id], [templateId], [published]) VALUES (14, 1079, 0)
GO
INSERT [dbo].[umbracoDocumentVersion] ([id], [templateId], [published]) VALUES (15, 1079, 0)
GO
INSERT [dbo].[umbracoDocumentVersion] ([id], [templateId], [published]) VALUES (16, 1077, 0)
GO
INSERT [dbo].[umbracoDocumentVersion] ([id], [templateId], [published]) VALUES (17, 1077, 0)
GO
INSERT [dbo].[umbracoDocumentVersion] ([id], [templateId], [published]) VALUES (18, 1077, 0)
GO
INSERT [dbo].[umbracoDocumentVersion] ([id], [templateId], [published]) VALUES (19, 1077, 1)
GO
INSERT [dbo].[umbracoDocumentVersion] ([id], [templateId], [published]) VALUES (20, 1077, 0)
GO
INSERT [dbo].[umbracoDocumentVersion] ([id], [templateId], [published]) VALUES (21, 1077, 1)
GO
INSERT [dbo].[umbracoDocumentVersion] ([id], [templateId], [published]) VALUES (22, NULL, 1)
GO
INSERT [dbo].[umbracoDocumentVersion] ([id], [templateId], [published]) VALUES (23, NULL, 0)
GO
INSERT [dbo].[umbracoDocumentVersion] ([id], [templateId], [published]) VALUES (24, NULL, 1)
GO
INSERT [dbo].[umbracoDocumentVersion] ([id], [templateId], [published]) VALUES (25, NULL, 0)
GO
INSERT [dbo].[umbracoDocumentVersion] ([id], [templateId], [published]) VALUES (26, NULL, 1)
GO
INSERT [dbo].[umbracoDocumentVersion] ([id], [templateId], [published]) VALUES (27, NULL, 0)
GO
INSERT [dbo].[umbracoDocumentVersion] ([id], [templateId], [published]) VALUES (28, 1079, 0)
GO
INSERT [dbo].[umbracoDocumentVersion] ([id], [templateId], [published]) VALUES (29, 1077, 0)
GO
INSERT [dbo].[umbracoDocumentVersion] ([id], [templateId], [published]) VALUES (30, 1079, 0)
GO
INSERT [dbo].[umbracoDocumentVersion] ([id], [templateId], [published]) VALUES (31, 1077, 0)
GO
INSERT [dbo].[umbracoDocumentVersion] ([id], [templateId], [published]) VALUES (32, NULL, 1)
GO
INSERT [dbo].[umbracoDocumentVersion] ([id], [templateId], [published]) VALUES (33, NULL, 0)
GO
INSERT [dbo].[umbracoDocumentVersion] ([id], [templateId], [published]) VALUES (34, NULL, 1)
GO
INSERT [dbo].[umbracoDocumentVersion] ([id], [templateId], [published]) VALUES (35, NULL, 0)
GO
INSERT [dbo].[umbracoDocumentVersion] ([id], [templateId], [published]) VALUES (36, NULL, 1)
GO
INSERT [dbo].[umbracoDocumentVersion] ([id], [templateId], [published]) VALUES (37, NULL, 0)
GO
INSERT [dbo].[umbracoDocumentVersion] ([id], [templateId], [published]) VALUES (44, NULL, 0)
GO
INSERT [dbo].[umbracoDocumentVersion] ([id], [templateId], [published]) VALUES (45, NULL, 0)
GO
INSERT [dbo].[umbracoDocumentVersion] ([id], [templateId], [published]) VALUES (46, NULL, 0)
GO
INSERT [dbo].[umbracoDocumentVersion] ([id], [templateId], [published]) VALUES (47, NULL, 1)
GO
INSERT [dbo].[umbracoDocumentVersion] ([id], [templateId], [published]) VALUES (48, NULL, 0)
GO
INSERT [dbo].[umbracoDocumentVersion] ([id], [templateId], [published]) VALUES (49, NULL, 0)
GO
INSERT [dbo].[umbracoDocumentVersion] ([id], [templateId], [published]) VALUES (50, NULL, 1)
GO
INSERT [dbo].[umbracoDocumentVersion] ([id], [templateId], [published]) VALUES (55, NULL, 1)
GO
INSERT [dbo].[umbracoDocumentVersion] ([id], [templateId], [published]) VALUES (56, NULL, 0)
GO
INSERT [dbo].[umbracoDocumentVersion] ([id], [templateId], [published]) VALUES (57, NULL, 1)
GO
INSERT [dbo].[umbracoDocumentVersion] ([id], [templateId], [published]) VALUES (58, NULL, 0)
GO
INSERT [dbo].[umbracoDocumentVersion] ([id], [templateId], [published]) VALUES (59, NULL, 1)
GO
INSERT [dbo].[umbracoDocumentVersion] ([id], [templateId], [published]) VALUES (60, NULL, 0)
GO
INSERT [dbo].[umbracoDocumentVersion] ([id], [templateId], [published]) VALUES (61, 1077, 0)
GO
INSERT [dbo].[umbracoDocumentVersion] ([id], [templateId], [published]) VALUES (62, 1077, 0)
GO
INSERT [dbo].[umbracoDocumentVersion] ([id], [templateId], [published]) VALUES (63, 1077, 0)
GO
INSERT [dbo].[umbracoDocumentVersion] ([id], [templateId], [published]) VALUES (64, 1077, 0)
GO
INSERT [dbo].[umbracoDocumentVersion] ([id], [templateId], [published]) VALUES (65, 1077, 0)
GO
INSERT [dbo].[umbracoDocumentVersion] ([id], [templateId], [published]) VALUES (66, 1077, 1)
GO
INSERT [dbo].[umbracoDocumentVersion] ([id], [templateId], [published]) VALUES (67, 1077, 0)
GO
INSERT [dbo].[umbracoDocumentVersion] ([id], [templateId], [published]) VALUES (68, 1079, 0)
GO
INSERT [dbo].[umbracoDocumentVersion] ([id], [templateId], [published]) VALUES (69, 1079, 1)
GO
INSERT [dbo].[umbracoDocumentVersion] ([id], [templateId], [published]) VALUES (70, 1079, 0)
GO
INSERT [dbo].[umbracoDocumentVersion] ([id], [templateId], [published]) VALUES (71, NULL, 0)
GO
INSERT [dbo].[umbracoDocumentVersion] ([id], [templateId], [published]) VALUES (72, NULL, 0)
GO
INSERT [dbo].[umbracoDocumentVersion] ([id], [templateId], [published]) VALUES (73, NULL, 0)
GO
INSERT [dbo].[umbracoDocumentVersion] ([id], [templateId], [published]) VALUES (74, NULL, 0)
GO
INSERT [dbo].[umbracoDocumentVersion] ([id], [templateId], [published]) VALUES (75, NULL, 0)
GO
INSERT [dbo].[umbracoDocumentVersion] ([id], [templateId], [published]) VALUES (76, NULL, 0)
GO
INSERT [dbo].[umbracoDocumentVersion] ([id], [templateId], [published]) VALUES (77, NULL, 0)
GO
INSERT [dbo].[umbracoDocumentVersion] ([id], [templateId], [published]) VALUES (78, NULL, 0)
GO
INSERT [dbo].[umbracoDocumentVersion] ([id], [templateId], [published]) VALUES (79, NULL, 1)
GO
INSERT [dbo].[umbracoDocumentVersion] ([id], [templateId], [published]) VALUES (80, NULL, 0)
GO
SET IDENTITY_INSERT [dbo].[umbracoDomain] ON 

GO
INSERT [dbo].[umbracoDomain] ([id], [domainDefaultLanguage], [domainRootStructureID], [domainName]) VALUES (2, 2, 1098, N'https://cloudtransformertemplate.local')
GO
INSERT [dbo].[umbracoDomain] ([id], [domainDefaultLanguage], [domainRootStructureID], [domainName]) VALUES (3, 4, 1097, N'https://cloudtransformertemplate.local/fr-be')
GO
INSERT [dbo].[umbracoDomain] ([id], [domainDefaultLanguage], [domainRootStructureID], [domainName]) VALUES (4, 3, 1096, N'https://cloudtransformertemplate.local/nl-be')
GO
INSERT [dbo].[umbracoDomain] ([id], [domainDefaultLanguage], [domainRootStructureID], [domainName]) VALUES (5, 4, 1092, N'https://cloudtransformertemplate.local/be')
GO
SET IDENTITY_INSERT [dbo].[umbracoDomain] OFF
GO
INSERT [dbo].[umbracoKeyValue] ([key], [value], [updated]) VALUES (N'Umbraco.Core.Upgrader.State+Umbraco.Core', N'{D6A8D863-38EC-44FB-91EC-ACD6A668BD18}', CAST(N'2021-01-20T10:17:39.367' AS DateTime))
GO
SET IDENTITY_INSERT [dbo].[umbracoLanguage] ON 

GO
INSERT [dbo].[umbracoLanguage] ([id], [languageISOCode], [languageCultureName], [isDefaultVariantLang], [mandatory], [fallbackLanguageId]) VALUES (2, N'en-GB', N'English (United Kingdom)', 1, 0, NULL)
GO
INSERT [dbo].[umbracoLanguage] ([id], [languageISOCode], [languageCultureName], [isDefaultVariantLang], [mandatory], [fallbackLanguageId]) VALUES (3, N'nl-BE', N'Dutch (Belgium)', 0, 0, NULL)
GO
INSERT [dbo].[umbracoLanguage] ([id], [languageISOCode], [languageCultureName], [isDefaultVariantLang], [mandatory], [fallbackLanguageId]) VALUES (4, N'fr-BE', N'French (Belgium)', 0, 0, NULL)
GO
SET IDENTITY_INSERT [dbo].[umbracoLanguage] OFF
GO
INSERT [dbo].[umbracoLock] ([id], [value], [name]) VALUES (-1000, 1, N'MainDom')
GO
INSERT [dbo].[umbracoLock] ([id], [value], [name]) VALUES (-340, 1, N'Languages')
GO
INSERT [dbo].[umbracoLock] ([id], [value], [name]) VALUES (-339, 1, N'KeyValues')
GO
INSERT [dbo].[umbracoLock] ([id], [value], [name]) VALUES (-338, 1, N'Domains')
GO
INSERT [dbo].[umbracoLock] ([id], [value], [name]) VALUES (-337, 1, N'MemberTypes')
GO
INSERT [dbo].[umbracoLock] ([id], [value], [name]) VALUES (-336, 1, N'MediaTypes')
GO
INSERT [dbo].[umbracoLock] ([id], [value], [name]) VALUES (-335, 1, N'MemberTree')
GO
INSERT [dbo].[umbracoLock] ([id], [value], [name]) VALUES (-334, 1, N'MediaTree')
GO
INSERT [dbo].[umbracoLock] ([id], [value], [name]) VALUES (-333, -1, N'ContentTree')
GO
INSERT [dbo].[umbracoLock] ([id], [value], [name]) VALUES (-332, 1, N'ContentTypes')
GO
INSERT [dbo].[umbracoLock] ([id], [value], [name]) VALUES (-331, 1, N'Servers')
GO
SET IDENTITY_INSERT [dbo].[umbracoNode] ON 

GO
INSERT [dbo].[umbracoNode] ([id], [uniqueId], [parentId], [level], [path], [sortOrder], [trashed], [nodeUser], [text], [nodeObjectType], [createDate]) VALUES (-99, N'8f1ef1e1-9de4-40d3-a072-6673f631ca64', -1, 1, N'-1,-99', 39, 0, -1, N'Label (decimal)', N'30a2a501-1978-4ddb-a57b-f7efed43ba3c', CAST(N'2021-01-20T10:17:27.713' AS DateTime))
GO
INSERT [dbo].[umbracoNode] ([id], [uniqueId], [parentId], [level], [path], [sortOrder], [trashed], [nodeUser], [text], [nodeObjectType], [createDate]) VALUES (-98, N'a97cec69-9b71-4c30-8b12-ec398860d7e8', -1, 1, N'-1,-98', 38, 0, -1, N'Label (time)', N'30a2a501-1978-4ddb-a57b-f7efed43ba3c', CAST(N'2021-01-20T10:17:27.690' AS DateTime))
GO
INSERT [dbo].[umbracoNode] ([id], [uniqueId], [parentId], [level], [path], [sortOrder], [trashed], [nodeUser], [text], [nodeObjectType], [createDate]) VALUES (-97, N'aa2c52a0-ce87-4e65-a47c-7df09358585d', -1, 1, N'-1,-97', 2, 0, -1, N'List View - Members', N'30a2a501-1978-4ddb-a57b-f7efed43ba3c', CAST(N'2021-01-20T10:17:28.120' AS DateTime))
GO
INSERT [dbo].[umbracoNode] ([id], [uniqueId], [parentId], [level], [path], [sortOrder], [trashed], [nodeUser], [text], [nodeObjectType], [createDate]) VALUES (-96, N'3a0156c4-3b8c-4803-bdc1-6871faa83fff', -1, 1, N'-1,-96', 2, 0, -1, N'List View - Media', N'30a2a501-1978-4ddb-a57b-f7efed43ba3c', CAST(N'2021-01-20T10:17:28.097' AS DateTime))
GO
INSERT [dbo].[umbracoNode] ([id], [uniqueId], [parentId], [level], [path], [sortOrder], [trashed], [nodeUser], [text], [nodeObjectType], [createDate]) VALUES (-95, N'c0808dd3-8133-4e4b-8ce8-e2bea84a96a4', -1, 1, N'-1,-95', 2, 0, -1, N'List View - Content', N'30a2a501-1978-4ddb-a57b-f7efed43ba3c', CAST(N'2021-01-20T10:17:28.077' AS DateTime))
GO
INSERT [dbo].[umbracoNode] ([id], [uniqueId], [parentId], [level], [path], [sortOrder], [trashed], [nodeUser], [text], [nodeObjectType], [createDate]) VALUES (-94, N'0e9794eb-f9b5-4f20-a788-93acd233a7e4', -1, 1, N'-1,-94', 37, 0, -1, N'Label (datetime)', N'30a2a501-1978-4ddb-a57b-f7efed43ba3c', CAST(N'2021-01-20T10:17:27.670' AS DateTime))
GO
INSERT [dbo].[umbracoNode] ([id], [uniqueId], [parentId], [level], [path], [sortOrder], [trashed], [nodeUser], [text], [nodeObjectType], [createDate]) VALUES (-93, N'930861bf-e262-4ead-a704-f99453565708', -1, 1, N'-1,-93', 36, 0, -1, N'Label (bigint)', N'30a2a501-1978-4ddb-a57b-f7efed43ba3c', CAST(N'2021-01-20T10:17:27.647' AS DateTime))
GO
INSERT [dbo].[umbracoNode] ([id], [uniqueId], [parentId], [level], [path], [sortOrder], [trashed], [nodeUser], [text], [nodeObjectType], [createDate]) VALUES (-92, N'f0bc4bfb-b499-40d6-ba86-058885a5178c', -1, 1, N'-1,-92', 35, 0, -1, N'Label (string)', N'30a2a501-1978-4ddb-a57b-f7efed43ba3c', CAST(N'2021-01-20T10:17:27.603' AS DateTime))
GO
INSERT [dbo].[umbracoNode] ([id], [uniqueId], [parentId], [level], [path], [sortOrder], [trashed], [nodeUser], [text], [nodeObjectType], [createDate]) VALUES (-91, N'8e7f995c-bd81-4627-9932-c40e568ec788', -1, 1, N'-1,-91', 36, 0, -1, N'Label (integer)', N'30a2a501-1978-4ddb-a57b-f7efed43ba3c', CAST(N'2021-01-20T10:17:27.627' AS DateTime))
GO
INSERT [dbo].[umbracoNode] ([id], [uniqueId], [parentId], [level], [path], [sortOrder], [trashed], [nodeUser], [text], [nodeObjectType], [createDate]) VALUES (-90, N'84c6b441-31df-4ffe-b67e-67d5bc3ae65a', -1, 1, N'-1,-90', 34, 0, -1, N'Upload', N'30a2a501-1978-4ddb-a57b-f7efed43ba3c', CAST(N'2021-01-20T10:17:27.737' AS DateTime))
GO
INSERT [dbo].[umbracoNode] ([id], [uniqueId], [parentId], [level], [path], [sortOrder], [trashed], [nodeUser], [text], [nodeObjectType], [createDate]) VALUES (-89, N'c6bac0dd-4ab9-45b1-8e30-e4b619ee5da3', -1, 1, N'-1,-89', 33, 0, -1, N'Textarea', N'30a2a501-1978-4ddb-a57b-f7efed43ba3c', CAST(N'2021-01-20T10:17:27.757' AS DateTime))
GO
INSERT [dbo].[umbracoNode] ([id], [uniqueId], [parentId], [level], [path], [sortOrder], [trashed], [nodeUser], [text], [nodeObjectType], [createDate]) VALUES (-88, N'0cc0eba1-9960-42c9-bf9b-60e150b429ae', -1, 1, N'-1,-88', 32, 0, -1, N'Textstring', N'30a2a501-1978-4ddb-a57b-f7efed43ba3c', CAST(N'2021-01-20T10:17:27.780' AS DateTime))
GO
INSERT [dbo].[umbracoNode] ([id], [uniqueId], [parentId], [level], [path], [sortOrder], [trashed], [nodeUser], [text], [nodeObjectType], [createDate]) VALUES (-87, N'ca90c950-0aff-4e72-b976-a30b1ac57dad', -1, 1, N'-1,-87', 4, 0, -1, N'Richtext editor', N'30a2a501-1978-4ddb-a57b-f7efed43ba3c', CAST(N'2021-01-20T10:17:27.803' AS DateTime))
GO
INSERT [dbo].[umbracoNode] ([id], [uniqueId], [parentId], [level], [path], [sortOrder], [trashed], [nodeUser], [text], [nodeObjectType], [createDate]) VALUES (-51, N'2e6d3631-066e-44b8-aec4-96f09099b2b5', -1, 1, N'-1,-51', 2, 0, -1, N'Numeric', N'30a2a501-1978-4ddb-a57b-f7efed43ba3c', CAST(N'2021-01-20T10:17:27.823' AS DateTime))
GO
INSERT [dbo].[umbracoNode] ([id], [uniqueId], [parentId], [level], [path], [sortOrder], [trashed], [nodeUser], [text], [nodeObjectType], [createDate]) VALUES (-49, N'92897bc6-a5f3-4ffe-ae27-f2e7e33dda49', -1, 1, N'-1,-49', 2, 0, -1, N'True/false', N'30a2a501-1978-4ddb-a57b-f7efed43ba3c', CAST(N'2021-01-20T10:17:27.843' AS DateTime))
GO
INSERT [dbo].[umbracoNode] ([id], [uniqueId], [parentId], [level], [path], [sortOrder], [trashed], [nodeUser], [text], [nodeObjectType], [createDate]) VALUES (-43, N'fbaf13a8-4036-41f2-93a3-974f678c312a', -1, 1, N'-1,-43', 2, 0, -1, N'Checkbox list', N'30a2a501-1978-4ddb-a57b-f7efed43ba3c', CAST(N'2021-01-20T10:17:27.867' AS DateTime))
GO
INSERT [dbo].[umbracoNode] ([id], [uniqueId], [parentId], [level], [path], [sortOrder], [trashed], [nodeUser], [text], [nodeObjectType], [createDate]) VALUES (-42, N'f38f0ac7-1d27-439c-9f3f-089cd8825a53', -1, 1, N'-1,-42', 2, 0, -1, N'Dropdown multiple', N'30a2a501-1978-4ddb-a57b-f7efed43ba3c', CAST(N'2021-01-20T10:17:27.957' AS DateTime))
GO
INSERT [dbo].[umbracoNode] ([id], [uniqueId], [parentId], [level], [path], [sortOrder], [trashed], [nodeUser], [text], [nodeObjectType], [createDate]) VALUES (-41, N'5046194e-4237-453c-a547-15db3a07c4e1', -1, 1, N'-1,-41', 2, 0, -1, N'Date Picker', N'30a2a501-1978-4ddb-a57b-f7efed43ba3c', CAST(N'2021-01-20T10:17:27.910' AS DateTime))
GO
INSERT [dbo].[umbracoNode] ([id], [uniqueId], [parentId], [level], [path], [sortOrder], [trashed], [nodeUser], [text], [nodeObjectType], [createDate]) VALUES (-40, N'bb5f57c9-ce2b-4bb9-b697-4caca783a805', -1, 1, N'-1,-40', 2, 0, -1, N'Radiobox', N'30a2a501-1978-4ddb-a57b-f7efed43ba3c', CAST(N'2021-01-20T10:17:27.933' AS DateTime))
GO
INSERT [dbo].[umbracoNode] ([id], [uniqueId], [parentId], [level], [path], [sortOrder], [trashed], [nodeUser], [text], [nodeObjectType], [createDate]) VALUES (-39, N'0b6a45e7-44ba-430d-9da5-4e46060b9e03', -1, 1, N'-1,-39', 2, 0, -1, N'Dropdown', N'30a2a501-1978-4ddb-a57b-f7efed43ba3c', CAST(N'2021-01-20T10:17:27.890' AS DateTime))
GO
INSERT [dbo].[umbracoNode] ([id], [uniqueId], [parentId], [level], [path], [sortOrder], [trashed], [nodeUser], [text], [nodeObjectType], [createDate]) VALUES (-37, N'0225af17-b302-49cb-9176-b9f35cab9c17', -1, 1, N'-1,-37', 2, 0, -1, N'Approved Color', N'30a2a501-1978-4ddb-a57b-f7efed43ba3c', CAST(N'2021-01-20T10:17:27.977' AS DateTime))
GO
INSERT [dbo].[umbracoNode] ([id], [uniqueId], [parentId], [level], [path], [sortOrder], [trashed], [nodeUser], [text], [nodeObjectType], [createDate]) VALUES (-36, N'e4d66c0f-b935-4200-81f0-025f7256b89a', -1, 1, N'-1,-36', 2, 0, -1, N'Date Picker with time', N'30a2a501-1978-4ddb-a57b-f7efed43ba3c', CAST(N'2021-01-20T10:17:28.000' AS DateTime))
GO
INSERT [dbo].[umbracoNode] ([id], [uniqueId], [parentId], [level], [path], [sortOrder], [trashed], [nodeUser], [text], [nodeObjectType], [createDate]) VALUES (-21, N'bf7c7cbc-952f-4518-97a2-69e9c7b33842', -1, 0, N'-1,-21', 0, 0, -1, N'Recycle Bin', N'cf3d8e34-1c1c-41e9-ae56-878b57b32113', CAST(N'2021-01-20T10:17:27.580' AS DateTime))
GO
INSERT [dbo].[umbracoNode] ([id], [uniqueId], [parentId], [level], [path], [sortOrder], [trashed], [nodeUser], [text], [nodeObjectType], [createDate]) VALUES (-20, N'0f582a79-1e41-4cf0-bfa0-76340651891a', -1, 0, N'-1,-20', 0, 0, -1, N'Recycle Bin', N'01bb7ff2-24dc-4c0c-95a2-c24ef72bbac8', CAST(N'2021-01-20T10:17:27.560' AS DateTime))
GO
INSERT [dbo].[umbracoNode] ([id], [uniqueId], [parentId], [level], [path], [sortOrder], [trashed], [nodeUser], [text], [nodeObjectType], [createDate]) VALUES (-1, N'916724a5-173d-4619-b97e-b9de133dd6f5', -1, 0, N'-1', 0, 0, -1, N'SYSTEM DATA: umbraco master root', N'ea7d8624-4cfe-4578-a871-24aa946bf34d', CAST(N'2021-01-20T10:17:27.533' AS DateTime))
GO
INSERT [dbo].[umbracoNode] ([id], [uniqueId], [parentId], [level], [path], [sortOrder], [trashed], [nodeUser], [text], [nodeObjectType], [createDate]) VALUES (1031, N'f38bd2d7-65d0-48e6-95dc-87ce06ec2d3d', -1, 1, N'-1,1031', 2, 0, -1, N'Folder', N'4ea4382b-2f5a-4c2b-9587-ae9b3cf3602e', CAST(N'2021-01-20T10:17:28.140' AS DateTime))
GO
INSERT [dbo].[umbracoNode] ([id], [uniqueId], [parentId], [level], [path], [sortOrder], [trashed], [nodeUser], [text], [nodeObjectType], [createDate]) VALUES (1032, N'cc07b313-0843-4aa8-bbda-871c8da728c8', -1, 1, N'-1,1032', 2, 0, -1, N'Image', N'4ea4382b-2f5a-4c2b-9587-ae9b3cf3602e', CAST(N'2021-01-20T10:17:28.163' AS DateTime))
GO
INSERT [dbo].[umbracoNode] ([id], [uniqueId], [parentId], [level], [path], [sortOrder], [trashed], [nodeUser], [text], [nodeObjectType], [createDate]) VALUES (1033, N'4c52d8ab-54e6-40cd-999c-7a5f24903e4d', -1, 1, N'-1,1033', 2, 0, -1, N'File', N'4ea4382b-2f5a-4c2b-9587-ae9b3cf3602e', CAST(N'2021-01-20T10:17:28.183' AS DateTime))
GO
INSERT [dbo].[umbracoNode] ([id], [uniqueId], [parentId], [level], [path], [sortOrder], [trashed], [nodeUser], [text], [nodeObjectType], [createDate]) VALUES (1041, N'b6b73142-b9c1-4bf8-a16d-e1c23320b549', -1, 1, N'-1,1041', 2, 0, -1, N'Tags', N'30a2a501-1978-4ddb-a57b-f7efed43ba3c', CAST(N'2021-01-20T10:17:28.203' AS DateTime))
GO
INSERT [dbo].[umbracoNode] ([id], [uniqueId], [parentId], [level], [path], [sortOrder], [trashed], [nodeUser], [text], [nodeObjectType], [createDate]) VALUES (1043, N'1df9f033-e6d4-451f-b8d2-e0cbc50a836f', -1, 1, N'-1,1043', 2, 0, -1, N'Image Cropper', N'30a2a501-1978-4ddb-a57b-f7efed43ba3c', CAST(N'2021-01-20T10:17:28.227' AS DateTime))
GO
INSERT [dbo].[umbracoNode] ([id], [uniqueId], [parentId], [level], [path], [sortOrder], [trashed], [nodeUser], [text], [nodeObjectType], [createDate]) VALUES (1044, N'd59be02f-1df9-4228-aa1e-01917d806cda', -1, 1, N'-1,1044', 0, 0, -1, N'Member', N'9b5416fb-e72f-45a9-a07b-5a9a2709ce43', CAST(N'2021-01-20T10:17:28.253' AS DateTime))
GO
INSERT [dbo].[umbracoNode] ([id], [uniqueId], [parentId], [level], [path], [sortOrder], [trashed], [nodeUser], [text], [nodeObjectType], [createDate]) VALUES (1046, N'fd1e0da5-5606-4862-b679-5d0cf3a52a59', -1, 1, N'-1,1046', 2, 0, -1, N'Content Picker', N'30a2a501-1978-4ddb-a57b-f7efed43ba3c', CAST(N'2021-01-20T10:17:28.280' AS DateTime))
GO
INSERT [dbo].[umbracoNode] ([id], [uniqueId], [parentId], [level], [path], [sortOrder], [trashed], [nodeUser], [text], [nodeObjectType], [createDate]) VALUES (1047, N'1ea2e01f-ebd8-4ce1-8d71-6b1149e63548', -1, 1, N'-1,1047', 2, 0, -1, N'Member Picker', N'30a2a501-1978-4ddb-a57b-f7efed43ba3c', CAST(N'2021-01-20T10:17:28.303' AS DateTime))
GO
INSERT [dbo].[umbracoNode] ([id], [uniqueId], [parentId], [level], [path], [sortOrder], [trashed], [nodeUser], [text], [nodeObjectType], [createDate]) VALUES (1048, N'135d60e0-64d9-49ed-ab08-893c9ba44ae5', -1, 1, N'-1,1048', 2, 0, -1, N'Media Picker', N'30a2a501-1978-4ddb-a57b-f7efed43ba3c', CAST(N'2021-01-20T10:17:28.327' AS DateTime))
GO
INSERT [dbo].[umbracoNode] ([id], [uniqueId], [parentId], [level], [path], [sortOrder], [trashed], [nodeUser], [text], [nodeObjectType], [createDate]) VALUES (1049, N'9dbbcbbb-2327-434a-b355-af1b84e5010a', -1, 1, N'-1,1049', 2, 0, -1, N'Multiple Media Picker', N'30a2a501-1978-4ddb-a57b-f7efed43ba3c', CAST(N'2021-01-20T10:17:28.347' AS DateTime))
GO
INSERT [dbo].[umbracoNode] ([id], [uniqueId], [parentId], [level], [path], [sortOrder], [trashed], [nodeUser], [text], [nodeObjectType], [createDate]) VALUES (1050, N'b4e3535a-1753-47e2-8568-602cf8cfee6f', -1, 1, N'-1,1050', 2, 0, -1, N'Multi URL Picker', N'30a2a501-1978-4ddb-a57b-f7efed43ba3c', CAST(N'2021-01-20T10:17:28.370' AS DateTime))
GO
INSERT [dbo].[umbracoNode] ([id], [uniqueId], [parentId], [level], [path], [sortOrder], [trashed], [nodeUser], [text], [nodeObjectType], [createDate]) VALUES (1069, N'45551bdd-ac1d-4e26-8a2e-5110bccdaad2', -1, 1, N'-1,1069', 0, 0, -1, N'Compositions', N'2f7a2769-6b0b-4468-90dd-af42d64f7f16', CAST(N'2021-01-25T09:50:47.430' AS DateTime))
GO
INSERT [dbo].[umbracoNode] ([id], [uniqueId], [parentId], [level], [path], [sortOrder], [trashed], [nodeUser], [text], [nodeObjectType], [createDate]) VALUES (1071, N'265518ec-172c-41e7-a899-f803706d63cd', -1, 1, N'-1,1071', 0, 0, -1, N'Content', N'2f7a2769-6b0b-4468-90dd-af42d64f7f16', CAST(N'2021-01-25T09:51:49.107' AS DateTime))
GO
INSERT [dbo].[umbracoNode] ([id], [uniqueId], [parentId], [level], [path], [sortOrder], [trashed], [nodeUser], [text], [nodeObjectType], [createDate]) VALUES (1072, N'c926e937-4d26-44a4-bd2f-210095ccf42d', -1, 1, N'-1,1072', 0, 0, -1, N'Configuration', N'2f7a2769-6b0b-4468-90dd-af42d64f7f16', CAST(N'2021-01-25T09:51:57.693' AS DateTime))
GO
INSERT [dbo].[umbracoNode] ([id], [uniqueId], [parentId], [level], [path], [sortOrder], [trashed], [nodeUser], [text], [nodeObjectType], [createDate]) VALUES (1073, N'fd8be59e-8b30-4ef1-9a9e-555a8136b441', -1, 1, N'-1,1073', 0, 0, -1, N'Global', N'2f7a2769-6b0b-4468-90dd-af42d64f7f16', CAST(N'2021-01-25T09:58:40.317' AS DateTime))
GO
INSERT [dbo].[umbracoNode] ([id], [uniqueId], [parentId], [level], [path], [sortOrder], [trashed], [nodeUser], [text], [nodeObjectType], [createDate]) VALUES (1074, N'73690c1b-3fc2-4ecb-8ab9-24292175c615', 1069, 2, N'-1,1069,1074', 0, 0, -1, N'Composition Meta Page', N'a2cb7800-f571-4787-9638-bc48539a0efb', CAST(N'2021-01-25T09:59:53.583' AS DateTime))
GO
INSERT [dbo].[umbracoNode] ([id], [uniqueId], [parentId], [level], [path], [sortOrder], [trashed], [nodeUser], [text], [nodeObjectType], [createDate]) VALUES (1075, N'72583721-2d3b-4b18-b86b-19fda9d6d90a', 1069, 2, N'-1,1069,1075', 1, 0, -1, N'Composition Sitemap Page', N'a2cb7800-f571-4787-9638-bc48539a0efb', CAST(N'2021-01-25T10:00:06.830' AS DateTime))
GO
INSERT [dbo].[umbracoNode] ([id], [uniqueId], [parentId], [level], [path], [sortOrder], [trashed], [nodeUser], [text], [nodeObjectType], [createDate]) VALUES (1076, N'4a50ef7e-e382-4a68-bad3-bf437ca7fe90', 1069, 2, N'-1,1069,1076', 2, 0, -1, N'Composition Umbraco Page', N'a2cb7800-f571-4787-9638-bc48539a0efb', CAST(N'2021-01-25T10:00:19.520' AS DateTime))
GO
INSERT [dbo].[umbracoNode] ([id], [uniqueId], [parentId], [level], [path], [sortOrder], [trashed], [nodeUser], [text], [nodeObjectType], [createDate]) VALUES (1077, N'4d3c9e92-3543-439d-a408-2fe299b51b63', 1089, 1, N'-1,1089,1077', 0, 0, NULL, N'Content Page', N'6fbde604-4178-42ce-a10b-8a2600a2f07d', CAST(N'2021-01-25T10:01:18.490' AS DateTime))
GO
INSERT [dbo].[umbracoNode] ([id], [uniqueId], [parentId], [level], [path], [sortOrder], [trashed], [nodeUser], [text], [nodeObjectType], [createDate]) VALUES (1078, N'fd21de30-7780-4461-b889-5a6d8b0f6123', 1071, 2, N'-1,1071,1078', 0, 0, -1, N'Content Page', N'a2cb7800-f571-4787-9638-bc48539a0efb', CAST(N'2021-01-25T10:01:18.960' AS DateTime))
GO
INSERT [dbo].[umbracoNode] ([id], [uniqueId], [parentId], [level], [path], [sortOrder], [trashed], [nodeUser], [text], [nodeObjectType], [createDate]) VALUES (1079, N'39ba3f1c-c65a-4630-b6ab-01d6a51e9864', 1089, 1, N'-1,1089,1079', 0, 0, NULL, N'Home Page', N'6fbde604-4178-42ce-a10b-8a2600a2f07d', CAST(N'2021-01-25T10:01:28.860' AS DateTime))
GO
INSERT [dbo].[umbracoNode] ([id], [uniqueId], [parentId], [level], [path], [sortOrder], [trashed], [nodeUser], [text], [nodeObjectType], [createDate]) VALUES (1080, N'69cabb01-de42-4c5f-a504-3c0cabee2dbf', 1071, 2, N'-1,1071,1080', 1, 0, -1, N'Home Page', N'a2cb7800-f571-4787-9638-bc48539a0efb', CAST(N'2021-01-25T10:01:29.230' AS DateTime))
GO
INSERT [dbo].[umbracoNode] ([id], [uniqueId], [parentId], [level], [path], [sortOrder], [trashed], [nodeUser], [text], [nodeObjectType], [createDate]) VALUES (1081, N'9b6c0597-5b30-4dbd-af37-a0065f6735d5', 1072, 2, N'-1,1072,1081', 0, 0, -1, N'Configuration Page', N'a2cb7800-f571-4787-9638-bc48539a0efb', CAST(N'2021-01-25T10:03:07.427' AS DateTime))
GO
INSERT [dbo].[umbracoNode] ([id], [uniqueId], [parentId], [level], [path], [sortOrder], [trashed], [nodeUser], [text], [nodeObjectType], [createDate]) VALUES (1082, N'f8262c5e-065c-4f75-8610-5bea79859cab', 1072, 2, N'-1,1072,1082', 1, 0, -1, N'Configuration Analytics Page', N'a2cb7800-f571-4787-9638-bc48539a0efb', CAST(N'2021-01-25T10:03:27.093' AS DateTime))
GO
INSERT [dbo].[umbracoNode] ([id], [uniqueId], [parentId], [level], [path], [sortOrder], [trashed], [nodeUser], [text], [nodeObjectType], [createDate]) VALUES (1084, N'2ab9fbb1-7c13-4165-9cc1-8f2462f4bfbf', 1072, 2, N'-1,1072,1084', 3, 0, -1, N'Configuration Site Content Page', N'a2cb7800-f571-4787-9638-bc48539a0efb', CAST(N'2021-01-25T10:08:21.913' AS DateTime))
GO
INSERT [dbo].[umbracoNode] ([id], [uniqueId], [parentId], [level], [path], [sortOrder], [trashed], [nodeUser], [text], [nodeObjectType], [createDate]) VALUES (1085, N'76371f68-3cc0-4c7c-a788-ccbd5b81477c', 1073, 2, N'-1,1073,1085', 0, 0, -1, N'Country Page', N'a2cb7800-f571-4787-9638-bc48539a0efb', CAST(N'2021-01-25T10:08:54.637' AS DateTime))
GO
INSERT [dbo].[umbracoNode] ([id], [uniqueId], [parentId], [level], [path], [sortOrder], [trashed], [nodeUser], [text], [nodeObjectType], [createDate]) VALUES (1086, N'bfe0e063-1bee-43aa-9d9e-33606d40ce7f', 1073, 2, N'-1,1073,1086', 1, 0, -1, N'Language Page', N'a2cb7800-f571-4787-9638-bc48539a0efb', CAST(N'2021-01-25T10:09:08.053' AS DateTime))
GO
INSERT [dbo].[umbracoNode] ([id], [uniqueId], [parentId], [level], [path], [sortOrder], [trashed], [nodeUser], [text], [nodeObjectType], [createDate]) VALUES (1087, N'aa96a1b3-167f-43fa-967d-55c67559edc9', -1, 1, N'-1,1087', 29, 0, -1, N'Change Frequency', N'30a2a501-1978-4ddb-a57b-f7efed43ba3c', CAST(N'2021-01-25T10:32:27.430' AS DateTime))
GO
INSERT [dbo].[umbracoNode] ([id], [uniqueId], [parentId], [level], [path], [sortOrder], [trashed], [nodeUser], [text], [nodeObjectType], [createDate]) VALUES (1088, N'9cbde516-b818-441a-b5ae-dfc22de81bab', -1, 1, N'-1,1088', 30, 0, -1, N'Priority', N'30a2a501-1978-4ddb-a57b-f7efed43ba3c', CAST(N'2021-01-25T10:39:45.260' AS DateTime))
GO
INSERT [dbo].[umbracoNode] ([id], [uniqueId], [parentId], [level], [path], [sortOrder], [trashed], [nodeUser], [text], [nodeObjectType], [createDate]) VALUES (1089, N'd339d065-b076-41a0-9de4-3c1d5cf1e00f', -1, 1, N'-1,1089', 0, 0, NULL, N'Base Page', N'6fbde604-4178-42ce-a10b-8a2600a2f07d', CAST(N'2021-01-25T10:47:53.793' AS DateTime))
GO
INSERT [dbo].[umbracoNode] ([id], [uniqueId], [parentId], [level], [path], [sortOrder], [trashed], [nodeUser], [text], [nodeObjectType], [createDate]) VALUES (1090, N'7296fc0d-1601-43c2-8d02-da8a44afc554', -1, 1, N'-1,1090', 31, 0, -1, N'Theme Picker', N'30a2a501-1978-4ddb-a57b-f7efed43ba3c', CAST(N'2021-01-25T11:52:44.163' AS DateTime))
GO
INSERT [dbo].[umbracoNode] ([id], [uniqueId], [parentId], [level], [path], [sortOrder], [trashed], [nodeUser], [text], [nodeObjectType], [createDate]) VALUES (1091, N'bf7b192e-5f46-4930-a3c7-2bfb54330bf6', -1, 1, N'-1,1091', 0, 0, -1, N'GB', N'c66ba18e-eaf3-4cff-8a22-41b16d66a972', CAST(N'2021-01-25T12:02:38.820' AS DateTime))
GO
INSERT [dbo].[umbracoNode] ([id], [uniqueId], [parentId], [level], [path], [sortOrder], [trashed], [nodeUser], [text], [nodeObjectType], [createDate]) VALUES (1092, N'cc89572b-14ef-45d1-aa2b-e7380fe9c9ea', -1, 1, N'-1,1092', 1, 0, -1, N'BE', N'c66ba18e-eaf3-4cff-8a22-41b16d66a972', CAST(N'2021-01-25T12:03:13.917' AS DateTime))
GO
INSERT [dbo].[umbracoNode] ([id], [uniqueId], [parentId], [level], [path], [sortOrder], [trashed], [nodeUser], [text], [nodeObjectType], [createDate]) VALUES (1094, N'f2d7313a-4059-474e-acc6-4986b82ac8ff', 1092, 2, N'-1,1092,1094', 1, 0, -1, N'NL-BE', N'c66ba18e-eaf3-4cff-8a22-41b16d66a972', CAST(N'2021-01-25T13:32:15.667' AS DateTime))
GO
INSERT [dbo].[umbracoNode] ([id], [uniqueId], [parentId], [level], [path], [sortOrder], [trashed], [nodeUser], [text], [nodeObjectType], [createDate]) VALUES (1095, N'4f1d58a0-fe38-4183-a528-ccf5c0197f15', 1092, 2, N'-1,1092,1095', 0, 0, -1, N'FR-BE', N'c66ba18e-eaf3-4cff-8a22-41b16d66a972', CAST(N'2021-01-25T13:32:49.860' AS DateTime))
GO
INSERT [dbo].[umbracoNode] ([id], [uniqueId], [parentId], [level], [path], [sortOrder], [trashed], [nodeUser], [text], [nodeObjectType], [createDate]) VALUES (1096, N'725d4be5-852e-4b16-b59c-f54bdb355154', 1094, 3, N'-1,1092,1094,1096', 0, 0, -1, N'Home', N'c66ba18e-eaf3-4cff-8a22-41b16d66a972', CAST(N'2021-01-25T13:34:58.470' AS DateTime))
GO
INSERT [dbo].[umbracoNode] ([id], [uniqueId], [parentId], [level], [path], [sortOrder], [trashed], [nodeUser], [text], [nodeObjectType], [createDate]) VALUES (1097, N'4986bb83-e820-490a-b510-877fe60dc9f6', 1095, 3, N'-1,1092,1095,1097', 0, 0, -1, N'Home', N'c66ba18e-eaf3-4cff-8a22-41b16d66a972', CAST(N'2021-01-25T13:37:54.267' AS DateTime))
GO
INSERT [dbo].[umbracoNode] ([id], [uniqueId], [parentId], [level], [path], [sortOrder], [trashed], [nodeUser], [text], [nodeObjectType], [createDate]) VALUES (1098, N'3b40bf37-03c2-460d-ac04-d9c2ccf0885c', 1091, 2, N'-1,1091,1098', 0, 0, -1, N'Home', N'c66ba18e-eaf3-4cff-8a22-41b16d66a972', CAST(N'2021-01-25T13:44:20.983' AS DateTime))
GO
INSERT [dbo].[umbracoNode] ([id], [uniqueId], [parentId], [level], [path], [sortOrder], [trashed], [nodeUser], [text], [nodeObjectType], [createDate]) VALUES (1099, N'ebfec5f8-6b1e-423e-b11b-306a1a4fce63', 1098, 3, N'-1,1091,1098,1099', 0, 0, -1, N'Content', N'c66ba18e-eaf3-4cff-8a22-41b16d66a972', CAST(N'2021-01-25T13:44:55.457' AS DateTime))
GO
INSERT [dbo].[umbracoNode] ([id], [uniqueId], [parentId], [level], [path], [sortOrder], [trashed], [nodeUser], [text], [nodeObjectType], [createDate]) VALUES (1100, N'491fc098-f102-4ee7-9483-02864460d724', 1096, 4, N'-1,1092,1094,1096,1100', 0, 0, -1, N'Content', N'c66ba18e-eaf3-4cff-8a22-41b16d66a972', CAST(N'2021-01-25T13:45:29.353' AS DateTime))
GO
INSERT [dbo].[umbracoNode] ([id], [uniqueId], [parentId], [level], [path], [sortOrder], [trashed], [nodeUser], [text], [nodeObjectType], [createDate]) VALUES (1101, N'bd2878c1-c89e-4cf2-b4e4-c61080b55a28', 1097, 4, N'-1,1092,1095,1097,1101', 0, 0, -1, N'Content', N'c66ba18e-eaf3-4cff-8a22-41b16d66a972', CAST(N'2021-01-25T13:45:44.893' AS DateTime))
GO
INSERT [dbo].[umbracoNode] ([id], [uniqueId], [parentId], [level], [path], [sortOrder], [trashed], [nodeUser], [text], [nodeObjectType], [createDate]) VALUES (1102, N'ebe8a994-8c47-4d5f-a31b-1cbf7bf8f3fd', 1091, 2, N'-1,1091,1102', 1, 0, -1, N'Site Configuration', N'c66ba18e-eaf3-4cff-8a22-41b16d66a972', CAST(N'2021-01-25T13:49:32.537' AS DateTime))
GO
INSERT [dbo].[umbracoNode] ([id], [uniqueId], [parentId], [level], [path], [sortOrder], [trashed], [nodeUser], [text], [nodeObjectType], [createDate]) VALUES (1103, N'bf77a809-f433-419a-bd07-239795dd1bbc', 1094, 3, N'-1,1092,1094,1103', 1, 0, -1, N'Site Configuration', N'c66ba18e-eaf3-4cff-8a22-41b16d66a972', CAST(N'2021-01-25T13:49:52.167' AS DateTime))
GO
INSERT [dbo].[umbracoNode] ([id], [uniqueId], [parentId], [level], [path], [sortOrder], [trashed], [nodeUser], [text], [nodeObjectType], [createDate]) VALUES (1104, N'4a81a69e-8f10-4cec-b601-a8cd22251e50', 1095, 3, N'-1,1092,1095,1104', 1, 0, -1, N'Site Configuration', N'c66ba18e-eaf3-4cff-8a22-41b16d66a972', CAST(N'2021-01-25T13:50:07.827' AS DateTime))
GO
INSERT [dbo].[umbracoNode] ([id], [uniqueId], [parentId], [level], [path], [sortOrder], [trashed], [nodeUser], [text], [nodeObjectType], [createDate]) VALUES (1105, N'b6438a87-006d-4e17-8b0e-807be76d2a3b', 1102, 3, N'-1,1091,1102,1105', 0, 0, -1, N'Analytics', N'c66ba18e-eaf3-4cff-8a22-41b16d66a972', CAST(N'2021-01-25T13:53:02.950' AS DateTime))
GO
INSERT [dbo].[umbracoNode] ([id], [uniqueId], [parentId], [level], [path], [sortOrder], [trashed], [nodeUser], [text], [nodeObjectType], [createDate]) VALUES (1106, N'abe8a738-315b-4882-a286-884bb7d9f984', 1104, 4, N'-1,1092,1095,1104,1106', 0, 0, -1, N'Analytics', N'c66ba18e-eaf3-4cff-8a22-41b16d66a972', CAST(N'2021-01-25T13:53:49.347' AS DateTime))
GO
INSERT [dbo].[umbracoNode] ([id], [uniqueId], [parentId], [level], [path], [sortOrder], [trashed], [nodeUser], [text], [nodeObjectType], [createDate]) VALUES (1107, N'1a34607d-5ac0-4e6c-87ae-2f7c766fb3c0', 1103, 4, N'-1,1092,1094,1103,1107', 0, 0, -1, N'Analytics', N'c66ba18e-eaf3-4cff-8a22-41b16d66a972', CAST(N'2021-01-25T13:54:16.597' AS DateTime))
GO
INSERT [dbo].[umbracoNode] ([id], [uniqueId], [parentId], [level], [path], [sortOrder], [trashed], [nodeUser], [text], [nodeObjectType], [createDate]) VALUES (1111, N'ae6f1bb3-23c4-4c3a-8dd1-da1c496d5df5', 1102, 3, N'-1,1091,1102,1111', 2, 0, -1, N'Site Content', N'c66ba18e-eaf3-4cff-8a22-41b16d66a972', CAST(N'2021-01-25T13:55:41.883' AS DateTime))
GO
INSERT [dbo].[umbracoNode] ([id], [uniqueId], [parentId], [level], [path], [sortOrder], [trashed], [nodeUser], [text], [nodeObjectType], [createDate]) VALUES (1112, N'c80741b0-005e-4099-8261-677d793dd53a', 1104, 4, N'-1,1092,1095,1104,1112', 2, 0, -1, N'Site Content', N'c66ba18e-eaf3-4cff-8a22-41b16d66a972', CAST(N'2021-01-25T13:56:16.780' AS DateTime))
GO
INSERT [dbo].[umbracoNode] ([id], [uniqueId], [parentId], [level], [path], [sortOrder], [trashed], [nodeUser], [text], [nodeObjectType], [createDate]) VALUES (1113, N'f25ab0fa-3a17-40bd-8016-54cf5f3afd8e', 1103, 4, N'-1,1092,1094,1103,1113', 2, 0, -1, N'Site Content', N'c66ba18e-eaf3-4cff-8a22-41b16d66a972', CAST(N'2021-01-25T13:56:53.793' AS DateTime))
GO
INSERT [dbo].[umbracoNode] ([id], [uniqueId], [parentId], [level], [path], [sortOrder], [trashed], [nodeUser], [text], [nodeObjectType], [createDate]) VALUES (1114, N'7ea3fd90-9079-47f8-96c4-0aa5a69c185f', 1072, 2, N'-1,1072,1114', 3, 0, -1, N'Configuration SEO Page', N'a2cb7800-f571-4787-9638-bc48539a0efb', CAST(N'2021-01-25T22:45:13.830' AS DateTime))
GO
INSERT [dbo].[umbracoNode] ([id], [uniqueId], [parentId], [level], [path], [sortOrder], [trashed], [nodeUser], [text], [nodeObjectType], [createDate]) VALUES (1115, N'97c8e7cf-1ab0-4203-8dfb-0bb59fcb1e10', 1102, 3, N'-1,1091,1102,1115', 1, 0, -1, N'SEO', N'c66ba18e-eaf3-4cff-8a22-41b16d66a972', CAST(N'2021-01-25T22:47:08.023' AS DateTime))
GO
INSERT [dbo].[umbracoNode] ([id], [uniqueId], [parentId], [level], [path], [sortOrder], [trashed], [nodeUser], [text], [nodeObjectType], [createDate]) VALUES (1116, N'ed7467ed-6f68-49da-9189-390526a54e8f', 1104, 4, N'-1,1092,1095,1104,1116', 1, 0, -1, N'SEO', N'c66ba18e-eaf3-4cff-8a22-41b16d66a972', CAST(N'2021-01-25T22:48:09.913' AS DateTime))
GO
INSERT [dbo].[umbracoNode] ([id], [uniqueId], [parentId], [level], [path], [sortOrder], [trashed], [nodeUser], [text], [nodeObjectType], [createDate]) VALUES (1117, N'e0f8db99-2952-4d7e-9991-e09191df7a12', 1103, 4, N'-1,1092,1094,1103,1117', 1, 0, -1, N'SEO', N'c66ba18e-eaf3-4cff-8a22-41b16d66a972', CAST(N'2021-01-25T22:48:36.710' AS DateTime))
GO
SET IDENTITY_INSERT [dbo].[umbracoNode] OFF
GO
SET IDENTITY_INSERT [dbo].[umbracoPropertyData] ON 

GO
INSERT [dbo].[umbracoPropertyData] ([id], [versionId], [propertyTypeId], [languageId], [segment], [intValue], [decimalValue], [dateValue], [varcharValue], [textValue]) VALUES (1, 1, 124, NULL, NULL, NULL, NULL, NULL, N'United Kingdom', NULL)
GO
INSERT [dbo].[umbracoPropertyData] ([id], [versionId], [propertyTypeId], [languageId], [segment], [intValue], [decimalValue], [dateValue], [varcharValue], [textValue]) VALUES (2, 2, 124, NULL, NULL, NULL, NULL, NULL, N'United Kingdom', NULL)
GO
INSERT [dbo].[umbracoPropertyData] ([id], [versionId], [propertyTypeId], [languageId], [segment], [intValue], [decimalValue], [dateValue], [varcharValue], [textValue]) VALUES (3, 3, 124, NULL, NULL, NULL, NULL, NULL, N'Belgium', NULL)
GO
INSERT [dbo].[umbracoPropertyData] ([id], [versionId], [propertyTypeId], [languageId], [segment], [intValue], [decimalValue], [dateValue], [varcharValue], [textValue]) VALUES (4, 4, 124, NULL, NULL, NULL, NULL, NULL, N'Belgium', NULL)
GO
INSERT [dbo].[umbracoPropertyData] ([id], [versionId], [propertyTypeId], [languageId], [segment], [intValue], [decimalValue], [dateValue], [varcharValue], [textValue]) VALUES (8, 6, 125, NULL, NULL, NULL, NULL, NULL, N'Dutch', NULL)
GO
INSERT [dbo].[umbracoPropertyData] ([id], [versionId], [propertyTypeId], [languageId], [segment], [intValue], [decimalValue], [dateValue], [varcharValue], [textValue]) VALUES (9, 7, 125, NULL, NULL, NULL, NULL, NULL, N'Dutch', NULL)
GO
INSERT [dbo].[umbracoPropertyData] ([id], [versionId], [propertyTypeId], [languageId], [segment], [intValue], [decimalValue], [dateValue], [varcharValue], [textValue]) VALUES (10, 8, 125, NULL, NULL, NULL, NULL, NULL, N'French', NULL)
GO
INSERT [dbo].[umbracoPropertyData] ([id], [versionId], [propertyTypeId], [languageId], [segment], [intValue], [decimalValue], [dateValue], [varcharValue], [textValue]) VALUES (11, 9, 125, NULL, NULL, NULL, NULL, NULL, N'French', NULL)
GO
INSERT [dbo].[umbracoPropertyData] ([id], [versionId], [propertyTypeId], [languageId], [segment], [intValue], [decimalValue], [dateValue], [varcharValue], [textValue]) VALUES (12, 10, 119, NULL, NULL, NULL, NULL, NULL, N'0', NULL)
GO
INSERT [dbo].[umbracoPropertyData] ([id], [versionId], [propertyTypeId], [languageId], [segment], [intValue], [decimalValue], [dateValue], [varcharValue], [textValue]) VALUES (13, 11, 119, NULL, NULL, NULL, NULL, NULL, N'0', NULL)
GO
INSERT [dbo].[umbracoPropertyData] ([id], [versionId], [propertyTypeId], [languageId], [segment], [intValue], [decimalValue], [dateValue], [varcharValue], [textValue]) VALUES (14, 10, 116, NULL, NULL, 0, NULL, NULL, NULL, NULL)
GO
INSERT [dbo].[umbracoPropertyData] ([id], [versionId], [propertyTypeId], [languageId], [segment], [intValue], [decimalValue], [dateValue], [varcharValue], [textValue]) VALUES (15, 11, 116, NULL, NULL, 0, NULL, NULL, NULL, NULL)
GO
INSERT [dbo].[umbracoPropertyData] ([id], [versionId], [propertyTypeId], [languageId], [segment], [intValue], [decimalValue], [dateValue], [varcharValue], [textValue]) VALUES (16, 10, 117, NULL, NULL, 0, NULL, NULL, NULL, NULL)
GO
INSERT [dbo].[umbracoPropertyData] ([id], [versionId], [propertyTypeId], [languageId], [segment], [intValue], [decimalValue], [dateValue], [varcharValue], [textValue]) VALUES (17, 11, 117, NULL, NULL, 0, NULL, NULL, NULL, NULL)
GO
INSERT [dbo].[umbracoPropertyData] ([id], [versionId], [propertyTypeId], [languageId], [segment], [intValue], [decimalValue], [dateValue], [varcharValue], [textValue]) VALUES (18, 12, 119, NULL, NULL, NULL, NULL, NULL, N'0', NULL)
GO
INSERT [dbo].[umbracoPropertyData] ([id], [versionId], [propertyTypeId], [languageId], [segment], [intValue], [decimalValue], [dateValue], [varcharValue], [textValue]) VALUES (19, 13, 119, NULL, NULL, NULL, NULL, NULL, N'0', NULL)
GO
INSERT [dbo].[umbracoPropertyData] ([id], [versionId], [propertyTypeId], [languageId], [segment], [intValue], [decimalValue], [dateValue], [varcharValue], [textValue]) VALUES (20, 12, 116, NULL, NULL, 0, NULL, NULL, NULL, NULL)
GO
INSERT [dbo].[umbracoPropertyData] ([id], [versionId], [propertyTypeId], [languageId], [segment], [intValue], [decimalValue], [dateValue], [varcharValue], [textValue]) VALUES (21, 13, 116, NULL, NULL, 0, NULL, NULL, NULL, NULL)
GO
INSERT [dbo].[umbracoPropertyData] ([id], [versionId], [propertyTypeId], [languageId], [segment], [intValue], [decimalValue], [dateValue], [varcharValue], [textValue]) VALUES (22, 12, 117, NULL, NULL, 0, NULL, NULL, NULL, NULL)
GO
INSERT [dbo].[umbracoPropertyData] ([id], [versionId], [propertyTypeId], [languageId], [segment], [intValue], [decimalValue], [dateValue], [varcharValue], [textValue]) VALUES (23, 13, 117, NULL, NULL, 0, NULL, NULL, NULL, NULL)
GO
INSERT [dbo].[umbracoPropertyData] ([id], [versionId], [propertyTypeId], [languageId], [segment], [intValue], [decimalValue], [dateValue], [varcharValue], [textValue]) VALUES (24, 14, 119, NULL, NULL, NULL, NULL, NULL, N'0', NULL)
GO
INSERT [dbo].[umbracoPropertyData] ([id], [versionId], [propertyTypeId], [languageId], [segment], [intValue], [decimalValue], [dateValue], [varcharValue], [textValue]) VALUES (25, 15, 119, NULL, NULL, NULL, NULL, NULL, N'0', NULL)
GO
INSERT [dbo].[umbracoPropertyData] ([id], [versionId], [propertyTypeId], [languageId], [segment], [intValue], [decimalValue], [dateValue], [varcharValue], [textValue]) VALUES (26, 14, 116, NULL, NULL, 0, NULL, NULL, NULL, NULL)
GO
INSERT [dbo].[umbracoPropertyData] ([id], [versionId], [propertyTypeId], [languageId], [segment], [intValue], [decimalValue], [dateValue], [varcharValue], [textValue]) VALUES (27, 15, 116, NULL, NULL, 0, NULL, NULL, NULL, NULL)
GO
INSERT [dbo].[umbracoPropertyData] ([id], [versionId], [propertyTypeId], [languageId], [segment], [intValue], [decimalValue], [dateValue], [varcharValue], [textValue]) VALUES (28, 14, 117, NULL, NULL, 0, NULL, NULL, NULL, NULL)
GO
INSERT [dbo].[umbracoPropertyData] ([id], [versionId], [propertyTypeId], [languageId], [segment], [intValue], [decimalValue], [dateValue], [varcharValue], [textValue]) VALUES (29, 15, 117, NULL, NULL, 0, NULL, NULL, NULL, NULL)
GO
INSERT [dbo].[umbracoPropertyData] ([id], [versionId], [propertyTypeId], [languageId], [segment], [intValue], [decimalValue], [dateValue], [varcharValue], [textValue]) VALUES (30, 16, 116, NULL, NULL, 0, NULL, NULL, NULL, NULL)
GO
INSERT [dbo].[umbracoPropertyData] ([id], [versionId], [propertyTypeId], [languageId], [segment], [intValue], [decimalValue], [dateValue], [varcharValue], [textValue]) VALUES (31, 17, 116, NULL, NULL, 1, NULL, NULL, NULL, NULL)
GO
INSERT [dbo].[umbracoPropertyData] ([id], [versionId], [propertyTypeId], [languageId], [segment], [intValue], [decimalValue], [dateValue], [varcharValue], [textValue]) VALUES (32, 16, 117, NULL, NULL, 0, NULL, NULL, NULL, NULL)
GO
INSERT [dbo].[umbracoPropertyData] ([id], [versionId], [propertyTypeId], [languageId], [segment], [intValue], [decimalValue], [dateValue], [varcharValue], [textValue]) VALUES (33, 17, 117, NULL, NULL, 1, NULL, NULL, NULL, NULL)
GO
INSERT [dbo].[umbracoPropertyData] ([id], [versionId], [propertyTypeId], [languageId], [segment], [intValue], [decimalValue], [dateValue], [varcharValue], [textValue]) VALUES (34, 16, 119, NULL, NULL, NULL, NULL, NULL, N'0', NULL)
GO
INSERT [dbo].[umbracoPropertyData] ([id], [versionId], [propertyTypeId], [languageId], [segment], [intValue], [decimalValue], [dateValue], [varcharValue], [textValue]) VALUES (35, 17, 119, NULL, NULL, NULL, NULL, NULL, N'0', NULL)
GO
INSERT [dbo].[umbracoPropertyData] ([id], [versionId], [propertyTypeId], [languageId], [segment], [intValue], [decimalValue], [dateValue], [varcharValue], [textValue]) VALUES (36, 18, 116, NULL, NULL, 0, NULL, NULL, NULL, NULL)
GO
INSERT [dbo].[umbracoPropertyData] ([id], [versionId], [propertyTypeId], [languageId], [segment], [intValue], [decimalValue], [dateValue], [varcharValue], [textValue]) VALUES (37, 19, 116, NULL, NULL, 0, NULL, NULL, NULL, NULL)
GO
INSERT [dbo].[umbracoPropertyData] ([id], [versionId], [propertyTypeId], [languageId], [segment], [intValue], [decimalValue], [dateValue], [varcharValue], [textValue]) VALUES (38, 18, 117, NULL, NULL, 0, NULL, NULL, NULL, NULL)
GO
INSERT [dbo].[umbracoPropertyData] ([id], [versionId], [propertyTypeId], [languageId], [segment], [intValue], [decimalValue], [dateValue], [varcharValue], [textValue]) VALUES (39, 19, 117, NULL, NULL, 0, NULL, NULL, NULL, NULL)
GO
INSERT [dbo].[umbracoPropertyData] ([id], [versionId], [propertyTypeId], [languageId], [segment], [intValue], [decimalValue], [dateValue], [varcharValue], [textValue]) VALUES (40, 18, 119, NULL, NULL, NULL, NULL, NULL, N'0', NULL)
GO
INSERT [dbo].[umbracoPropertyData] ([id], [versionId], [propertyTypeId], [languageId], [segment], [intValue], [decimalValue], [dateValue], [varcharValue], [textValue]) VALUES (41, 19, 119, NULL, NULL, NULL, NULL, NULL, N'0', NULL)
GO
INSERT [dbo].[umbracoPropertyData] ([id], [versionId], [propertyTypeId], [languageId], [segment], [intValue], [decimalValue], [dateValue], [varcharValue], [textValue]) VALUES (42, 20, 116, NULL, NULL, 0, NULL, NULL, NULL, NULL)
GO
INSERT [dbo].[umbracoPropertyData] ([id], [versionId], [propertyTypeId], [languageId], [segment], [intValue], [decimalValue], [dateValue], [varcharValue], [textValue]) VALUES (43, 21, 116, NULL, NULL, 0, NULL, NULL, NULL, NULL)
GO
INSERT [dbo].[umbracoPropertyData] ([id], [versionId], [propertyTypeId], [languageId], [segment], [intValue], [decimalValue], [dateValue], [varcharValue], [textValue]) VALUES (44, 20, 117, NULL, NULL, 0, NULL, NULL, NULL, NULL)
GO
INSERT [dbo].[umbracoPropertyData] ([id], [versionId], [propertyTypeId], [languageId], [segment], [intValue], [decimalValue], [dateValue], [varcharValue], [textValue]) VALUES (45, 21, 117, NULL, NULL, 0, NULL, NULL, NULL, NULL)
GO
INSERT [dbo].[umbracoPropertyData] ([id], [versionId], [propertyTypeId], [languageId], [segment], [intValue], [decimalValue], [dateValue], [varcharValue], [textValue]) VALUES (46, 20, 119, NULL, NULL, NULL, NULL, NULL, N'0', NULL)
GO
INSERT [dbo].[umbracoPropertyData] ([id], [versionId], [propertyTypeId], [languageId], [segment], [intValue], [decimalValue], [dateValue], [varcharValue], [textValue]) VALUES (47, 21, 119, NULL, NULL, NULL, NULL, NULL, N'0', NULL)
GO
INSERT [dbo].[umbracoPropertyData] ([id], [versionId], [propertyTypeId], [languageId], [segment], [intValue], [decimalValue], [dateValue], [varcharValue], [textValue]) VALUES (48, 28, 119, NULL, NULL, NULL, NULL, NULL, N'0', NULL)
GO
INSERT [dbo].[umbracoPropertyData] ([id], [versionId], [propertyTypeId], [languageId], [segment], [intValue], [decimalValue], [dateValue], [varcharValue], [textValue]) VALUES (49, 28, 116, NULL, NULL, 0, NULL, NULL, NULL, NULL)
GO
INSERT [dbo].[umbracoPropertyData] ([id], [versionId], [propertyTypeId], [languageId], [segment], [intValue], [decimalValue], [dateValue], [varcharValue], [textValue]) VALUES (50, 28, 117, NULL, NULL, 0, NULL, NULL, NULL, NULL)
GO
INSERT [dbo].[umbracoPropertyData] ([id], [versionId], [propertyTypeId], [languageId], [segment], [intValue], [decimalValue], [dateValue], [varcharValue], [textValue]) VALUES (51, 29, 116, NULL, NULL, 0, NULL, NULL, NULL, NULL)
GO
INSERT [dbo].[umbracoPropertyData] ([id], [versionId], [propertyTypeId], [languageId], [segment], [intValue], [decimalValue], [dateValue], [varcharValue], [textValue]) VALUES (52, 29, 117, NULL, NULL, 0, NULL, NULL, NULL, NULL)
GO
INSERT [dbo].[umbracoPropertyData] ([id], [versionId], [propertyTypeId], [languageId], [segment], [intValue], [decimalValue], [dateValue], [varcharValue], [textValue]) VALUES (53, 29, 119, NULL, NULL, NULL, NULL, NULL, N'0', NULL)
GO
INSERT [dbo].[umbracoPropertyData] ([id], [versionId], [propertyTypeId], [languageId], [segment], [intValue], [decimalValue], [dateValue], [varcharValue], [textValue]) VALUES (54, 30, 119, NULL, NULL, NULL, NULL, NULL, N'0', NULL)
GO
INSERT [dbo].[umbracoPropertyData] ([id], [versionId], [propertyTypeId], [languageId], [segment], [intValue], [decimalValue], [dateValue], [varcharValue], [textValue]) VALUES (55, 30, 116, NULL, NULL, 0, NULL, NULL, NULL, NULL)
GO
INSERT [dbo].[umbracoPropertyData] ([id], [versionId], [propertyTypeId], [languageId], [segment], [intValue], [decimalValue], [dateValue], [varcharValue], [textValue]) VALUES (56, 30, 117, NULL, NULL, 0, NULL, NULL, NULL, NULL)
GO
INSERT [dbo].[umbracoPropertyData] ([id], [versionId], [propertyTypeId], [languageId], [segment], [intValue], [decimalValue], [dateValue], [varcharValue], [textValue]) VALUES (57, 31, 116, NULL, NULL, 0, NULL, NULL, NULL, NULL)
GO
INSERT [dbo].[umbracoPropertyData] ([id], [versionId], [propertyTypeId], [languageId], [segment], [intValue], [decimalValue], [dateValue], [varcharValue], [textValue]) VALUES (58, 31, 117, NULL, NULL, 0, NULL, NULL, NULL, NULL)
GO
INSERT [dbo].[umbracoPropertyData] ([id], [versionId], [propertyTypeId], [languageId], [segment], [intValue], [decimalValue], [dateValue], [varcharValue], [textValue]) VALUES (59, 31, 119, NULL, NULL, NULL, NULL, NULL, N'0', NULL)
GO
INSERT [dbo].[umbracoPropertyData] ([id], [versionId], [propertyTypeId], [languageId], [segment], [intValue], [decimalValue], [dateValue], [varcharValue], [textValue]) VALUES (60, 32, 126, NULL, NULL, NULL, NULL, NULL, N'UA-19078618-16', NULL)
GO
INSERT [dbo].[umbracoPropertyData] ([id], [versionId], [propertyTypeId], [languageId], [segment], [intValue], [decimalValue], [dateValue], [varcharValue], [textValue]) VALUES (61, 33, 126, NULL, NULL, NULL, NULL, NULL, N'UA-19078618-16', NULL)
GO
INSERT [dbo].[umbracoPropertyData] ([id], [versionId], [propertyTypeId], [languageId], [segment], [intValue], [decimalValue], [dateValue], [varcharValue], [textValue]) VALUES (62, 34, 126, NULL, NULL, NULL, NULL, NULL, N'UA-19078618-17', NULL)
GO
INSERT [dbo].[umbracoPropertyData] ([id], [versionId], [propertyTypeId], [languageId], [segment], [intValue], [decimalValue], [dateValue], [varcharValue], [textValue]) VALUES (63, 35, 126, NULL, NULL, NULL, NULL, NULL, N'UA-19078618-17', NULL)
GO
INSERT [dbo].[umbracoPropertyData] ([id], [versionId], [propertyTypeId], [languageId], [segment], [intValue], [decimalValue], [dateValue], [varcharValue], [textValue]) VALUES (64, 36, 126, NULL, NULL, NULL, NULL, NULL, N'UA-19078618-18', NULL)
GO
INSERT [dbo].[umbracoPropertyData] ([id], [versionId], [propertyTypeId], [languageId], [segment], [intValue], [decimalValue], [dateValue], [varcharValue], [textValue]) VALUES (65, 37, 126, NULL, NULL, NULL, NULL, NULL, N'UA-19078618-18', NULL)
GO
INSERT [dbo].[umbracoPropertyData] ([id], [versionId], [propertyTypeId], [languageId], [segment], [intValue], [decimalValue], [dateValue], [varcharValue], [textValue]) VALUES (66, 44, 128, NULL, NULL, NULL, NULL, NULL, N'["agebase"]', NULL)
GO
INSERT [dbo].[umbracoPropertyData] ([id], [versionId], [propertyTypeId], [languageId], [segment], [intValue], [decimalValue], [dateValue], [varcharValue], [textValue]) VALUES (67, 45, 128, NULL, NULL, NULL, NULL, NULL, N'["agebase"]', NULL)
GO
INSERT [dbo].[umbracoPropertyData] ([id], [versionId], [propertyTypeId], [languageId], [segment], [intValue], [decimalValue], [dateValue], [varcharValue], [textValue]) VALUES (68, 44, 129, NULL, NULL, NULL, NULL, NULL, N'Cloud Transformer ', NULL)
GO
INSERT [dbo].[umbracoPropertyData] ([id], [versionId], [propertyTypeId], [languageId], [segment], [intValue], [decimalValue], [dateValue], [varcharValue], [textValue]) VALUES (69, 45, 129, NULL, NULL, NULL, NULL, NULL, N'Cloud Transformer Template', NULL)
GO
INSERT [dbo].[umbracoPropertyData] ([id], [versionId], [propertyTypeId], [languageId], [segment], [intValue], [decimalValue], [dateValue], [varcharValue], [textValue]) VALUES (70, 44, 130, NULL, NULL, NULL, NULL, NULL, N'Lorem ipsum...', NULL)
GO
INSERT [dbo].[umbracoPropertyData] ([id], [versionId], [propertyTypeId], [languageId], [segment], [intValue], [decimalValue], [dateValue], [varcharValue], [textValue]) VALUES (71, 45, 130, NULL, NULL, NULL, NULL, NULL, N'Lorem ipsum...', NULL)
GO
INSERT [dbo].[umbracoPropertyData] ([id], [versionId], [propertyTypeId], [languageId], [segment], [intValue], [decimalValue], [dateValue], [varcharValue], [textValue]) VALUES (72, 46, 128, NULL, NULL, NULL, NULL, NULL, N'["agebase-dark"]', NULL)
GO
INSERT [dbo].[umbracoPropertyData] ([id], [versionId], [propertyTypeId], [languageId], [segment], [intValue], [decimalValue], [dateValue], [varcharValue], [textValue]) VALUES (73, 47, 128, NULL, NULL, NULL, NULL, NULL, N'cloud-transformer-template-dark', NULL)
GO
INSERT [dbo].[umbracoPropertyData] ([id], [versionId], [propertyTypeId], [languageId], [segment], [intValue], [decimalValue], [dateValue], [varcharValue], [textValue]) VALUES (74, 46, 129, NULL, NULL, NULL, NULL, NULL, N'Cloud Transformer Template', NULL)
GO
INSERT [dbo].[umbracoPropertyData] ([id], [versionId], [propertyTypeId], [languageId], [segment], [intValue], [decimalValue], [dateValue], [varcharValue], [textValue]) VALUES (75, 47, 129, NULL, NULL, NULL, NULL, NULL, N'Cloud Transformer Template', NULL)
GO
INSERT [dbo].[umbracoPropertyData] ([id], [versionId], [propertyTypeId], [languageId], [segment], [intValue], [decimalValue], [dateValue], [varcharValue], [textValue]) VALUES (76, 46, 130, NULL, NULL, NULL, NULL, NULL, N'Lorem ipsum...', NULL)
GO
INSERT [dbo].[umbracoPropertyData] ([id], [versionId], [propertyTypeId], [languageId], [segment], [intValue], [decimalValue], [dateValue], [varcharValue], [textValue]) VALUES (77, 47, 130, NULL, NULL, NULL, NULL, NULL, N'Lorem ipsum...', NULL)
GO
INSERT [dbo].[umbracoPropertyData] ([id], [versionId], [propertyTypeId], [languageId], [segment], [intValue], [decimalValue], [dateValue], [varcharValue], [textValue]) VALUES (78, 48, 128, NULL, NULL, NULL, NULL, NULL, N'cloud-transformer-template', NULL)
GO
INSERT [dbo].[umbracoPropertyData] ([id], [versionId], [propertyTypeId], [languageId], [segment], [intValue], [decimalValue], [dateValue], [varcharValue], [textValue]) VALUES (79, 48, 129, NULL, NULL, NULL, NULL, NULL, N'Cloud Transformer Template', NULL)
GO
INSERT [dbo].[umbracoPropertyData] ([id], [versionId], [propertyTypeId], [languageId], [segment], [intValue], [decimalValue], [dateValue], [varcharValue], [textValue]) VALUES (80, 48, 130, NULL, NULL, NULL, NULL, NULL, N'Lorem ipsum...', NULL)
GO
INSERT [dbo].[umbracoPropertyData] ([id], [versionId], [propertyTypeId], [languageId], [segment], [intValue], [decimalValue], [dateValue], [varcharValue], [textValue]) VALUES (81, 49, 128, NULL, NULL, NULL, NULL, NULL, N'["agebase-high-contrast"]', NULL)
GO
INSERT [dbo].[umbracoPropertyData] ([id], [versionId], [propertyTypeId], [languageId], [segment], [intValue], [decimalValue], [dateValue], [varcharValue], [textValue]) VALUES (82, 50, 128, NULL, NULL, NULL, NULL, NULL, N'cloud-transformer-template-high-contrast', NULL)
GO
INSERT [dbo].[umbracoPropertyData] ([id], [versionId], [propertyTypeId], [languageId], [segment], [intValue], [decimalValue], [dateValue], [varcharValue], [textValue]) VALUES (83, 49, 129, NULL, NULL, NULL, NULL, NULL, N'Cloud Transformer Template', NULL)
GO
INSERT [dbo].[umbracoPropertyData] ([id], [versionId], [propertyTypeId], [languageId], [segment], [intValue], [decimalValue], [dateValue], [varcharValue], [textValue]) VALUES (84, 50, 129, NULL, NULL, NULL, NULL, NULL, N'Cloud Transformer Template', NULL)
GO
INSERT [dbo].[umbracoPropertyData] ([id], [versionId], [propertyTypeId], [languageId], [segment], [intValue], [decimalValue], [dateValue], [varcharValue], [textValue]) VALUES (85, 49, 130, NULL, NULL, NULL, NULL, NULL, N'Lorem ipsum...', NULL)
GO
INSERT [dbo].[umbracoPropertyData] ([id], [versionId], [propertyTypeId], [languageId], [segment], [intValue], [decimalValue], [dateValue], [varcharValue], [textValue]) VALUES (86, 50, 130, NULL, NULL, NULL, NULL, NULL, N'Lorem ipsum...', NULL)
GO
INSERT [dbo].[umbracoPropertyData] ([id], [versionId], [propertyTypeId], [languageId], [segment], [intValue], [decimalValue], [dateValue], [varcharValue], [textValue]) VALUES (94, 55, 131, NULL, NULL, NULL, NULL, NULL, N'rF6SiA2X6Bci6Mcua6Oj4Sp74BoTyQPCfuPOkBOquiQ', NULL)
GO
INSERT [dbo].[umbracoPropertyData] ([id], [versionId], [propertyTypeId], [languageId], [segment], [intValue], [decimalValue], [dateValue], [varcharValue], [textValue]) VALUES (95, 56, 131, NULL, NULL, NULL, NULL, NULL, N'rF6SiA2X6Bci6Mcua6Oj4Sp74BoTyQPCfuPOkBOquiQ', NULL)
GO
INSERT [dbo].[umbracoPropertyData] ([id], [versionId], [propertyTypeId], [languageId], [segment], [intValue], [decimalValue], [dateValue], [varcharValue], [textValue]) VALUES (96, 57, 131, NULL, NULL, NULL, NULL, NULL, N'rF6SiA2X6Bci6Mcua6Oj4Sp74BoTyQPCfuPOkBOquiQ', NULL)
GO
INSERT [dbo].[umbracoPropertyData] ([id], [versionId], [propertyTypeId], [languageId], [segment], [intValue], [decimalValue], [dateValue], [varcharValue], [textValue]) VALUES (97, 58, 131, NULL, NULL, NULL, NULL, NULL, N'rF6SiA2X6Bci6Mcua6Oj4Sp74BoTyQPCfuPOkBOquiQ', NULL)
GO
INSERT [dbo].[umbracoPropertyData] ([id], [versionId], [propertyTypeId], [languageId], [segment], [intValue], [decimalValue], [dateValue], [varcharValue], [textValue]) VALUES (98, 59, 131, NULL, NULL, NULL, NULL, NULL, N'rF6SiA2X6Bci6Mcua6Oj4Sp74BoTyQPCfuPOkBOquiQ', NULL)
GO
INSERT [dbo].[umbracoPropertyData] ([id], [versionId], [propertyTypeId], [languageId], [segment], [intValue], [decimalValue], [dateValue], [varcharValue], [textValue]) VALUES (99, 60, 131, NULL, NULL, NULL, NULL, NULL, N'rF6SiA2X6Bci6Mcua6Oj4Sp74BoTyQPCfuPOkBOquiQ', NULL)
GO
INSERT [dbo].[umbracoPropertyData] ([id], [versionId], [propertyTypeId], [languageId], [segment], [intValue], [decimalValue], [dateValue], [varcharValue], [textValue]) VALUES (100, 17, 113, NULL, NULL, NULL, NULL, NULL, N'Howdy', NULL)
GO
INSERT [dbo].[umbracoPropertyData] ([id], [versionId], [propertyTypeId], [languageId], [segment], [intValue], [decimalValue], [dateValue], [varcharValue], [textValue]) VALUES (101, 61, 113, NULL, NULL, NULL, NULL, NULL, N'Howdy', NULL)
GO
INSERT [dbo].[umbracoPropertyData] ([id], [versionId], [propertyTypeId], [languageId], [segment], [intValue], [decimalValue], [dateValue], [varcharValue], [textValue]) VALUES (102, 17, 114, NULL, NULL, NULL, NULL, NULL, N'Description', NULL)
GO
INSERT [dbo].[umbracoPropertyData] ([id], [versionId], [propertyTypeId], [languageId], [segment], [intValue], [decimalValue], [dateValue], [varcharValue], [textValue]) VALUES (103, 61, 114, NULL, NULL, NULL, NULL, NULL, N'Description', NULL)
GO
INSERT [dbo].[umbracoPropertyData] ([id], [versionId], [propertyTypeId], [languageId], [segment], [intValue], [decimalValue], [dateValue], [varcharValue], [textValue]) VALUES (104, 17, 115, NULL, NULL, NULL, NULL, NULL, N'Keywords...', NULL)
GO
INSERT [dbo].[umbracoPropertyData] ([id], [versionId], [propertyTypeId], [languageId], [segment], [intValue], [decimalValue], [dateValue], [varcharValue], [textValue]) VALUES (105, 61, 115, NULL, NULL, NULL, NULL, NULL, N'Keywords...', NULL)
GO
INSERT [dbo].[umbracoPropertyData] ([id], [versionId], [propertyTypeId], [languageId], [segment], [intValue], [decimalValue], [dateValue], [varcharValue], [textValue]) VALUES (106, 61, 116, NULL, NULL, 0, NULL, NULL, NULL, NULL)
GO
INSERT [dbo].[umbracoPropertyData] ([id], [versionId], [propertyTypeId], [languageId], [segment], [intValue], [decimalValue], [dateValue], [varcharValue], [textValue]) VALUES (107, 61, 117, NULL, NULL, 1, NULL, NULL, NULL, NULL)
GO
INSERT [dbo].[umbracoPropertyData] ([id], [versionId], [propertyTypeId], [languageId], [segment], [intValue], [decimalValue], [dateValue], [varcharValue], [textValue]) VALUES (108, 61, 119, NULL, NULL, NULL, NULL, NULL, N'0', NULL)
GO
INSERT [dbo].[umbracoPropertyData] ([id], [versionId], [propertyTypeId], [languageId], [segment], [intValue], [decimalValue], [dateValue], [varcharValue], [textValue]) VALUES (109, 62, 113, NULL, NULL, NULL, NULL, NULL, N'Howdy', NULL)
GO
INSERT [dbo].[umbracoPropertyData] ([id], [versionId], [propertyTypeId], [languageId], [segment], [intValue], [decimalValue], [dateValue], [varcharValue], [textValue]) VALUES (110, 62, 114, NULL, NULL, NULL, NULL, NULL, N'Description', NULL)
GO
INSERT [dbo].[umbracoPropertyData] ([id], [versionId], [propertyTypeId], [languageId], [segment], [intValue], [decimalValue], [dateValue], [varcharValue], [textValue]) VALUES (111, 62, 115, NULL, NULL, NULL, NULL, NULL, N'Keywords...', NULL)
GO
INSERT [dbo].[umbracoPropertyData] ([id], [versionId], [propertyTypeId], [languageId], [segment], [intValue], [decimalValue], [dateValue], [varcharValue], [textValue]) VALUES (112, 62, 116, NULL, NULL, 1, NULL, NULL, NULL, NULL)
GO
INSERT [dbo].[umbracoPropertyData] ([id], [versionId], [propertyTypeId], [languageId], [segment], [intValue], [decimalValue], [dateValue], [varcharValue], [textValue]) VALUES (113, 62, 117, NULL, NULL, 0, NULL, NULL, NULL, NULL)
GO
INSERT [dbo].[umbracoPropertyData] ([id], [versionId], [propertyTypeId], [languageId], [segment], [intValue], [decimalValue], [dateValue], [varcharValue], [textValue]) VALUES (114, 62, 119, NULL, NULL, NULL, NULL, NULL, N'0', NULL)
GO
INSERT [dbo].[umbracoPropertyData] ([id], [versionId], [propertyTypeId], [languageId], [segment], [intValue], [decimalValue], [dateValue], [varcharValue], [textValue]) VALUES (115, 63, 113, NULL, NULL, NULL, NULL, NULL, N'Howdy', NULL)
GO
INSERT [dbo].[umbracoPropertyData] ([id], [versionId], [propertyTypeId], [languageId], [segment], [intValue], [decimalValue], [dateValue], [varcharValue], [textValue]) VALUES (116, 63, 114, NULL, NULL, NULL, NULL, NULL, N'Description', NULL)
GO
INSERT [dbo].[umbracoPropertyData] ([id], [versionId], [propertyTypeId], [languageId], [segment], [intValue], [decimalValue], [dateValue], [varcharValue], [textValue]) VALUES (117, 63, 115, NULL, NULL, NULL, NULL, NULL, N'Keywords...', NULL)
GO
INSERT [dbo].[umbracoPropertyData] ([id], [versionId], [propertyTypeId], [languageId], [segment], [intValue], [decimalValue], [dateValue], [varcharValue], [textValue]) VALUES (118, 63, 116, NULL, NULL, 0, NULL, NULL, NULL, NULL)
GO
INSERT [dbo].[umbracoPropertyData] ([id], [versionId], [propertyTypeId], [languageId], [segment], [intValue], [decimalValue], [dateValue], [varcharValue], [textValue]) VALUES (119, 63, 117, NULL, NULL, 0, NULL, NULL, NULL, NULL)
GO
INSERT [dbo].[umbracoPropertyData] ([id], [versionId], [propertyTypeId], [languageId], [segment], [intValue], [decimalValue], [dateValue], [varcharValue], [textValue]) VALUES (120, 63, 119, NULL, NULL, NULL, NULL, NULL, N'0', NULL)
GO
INSERT [dbo].[umbracoPropertyData] ([id], [versionId], [propertyTypeId], [languageId], [segment], [intValue], [decimalValue], [dateValue], [varcharValue], [textValue]) VALUES (121, 64, 113, NULL, NULL, NULL, NULL, NULL, N'Howdy', NULL)
GO
INSERT [dbo].[umbracoPropertyData] ([id], [versionId], [propertyTypeId], [languageId], [segment], [intValue], [decimalValue], [dateValue], [varcharValue], [textValue]) VALUES (122, 64, 114, NULL, NULL, NULL, NULL, NULL, N'Description', NULL)
GO
INSERT [dbo].[umbracoPropertyData] ([id], [versionId], [propertyTypeId], [languageId], [segment], [intValue], [decimalValue], [dateValue], [varcharValue], [textValue]) VALUES (124, 64, 116, NULL, NULL, 0, NULL, NULL, NULL, NULL)
GO
INSERT [dbo].[umbracoPropertyData] ([id], [versionId], [propertyTypeId], [languageId], [segment], [intValue], [decimalValue], [dateValue], [varcharValue], [textValue]) VALUES (125, 64, 117, NULL, NULL, 0, NULL, NULL, NULL, NULL)
GO
INSERT [dbo].[umbracoPropertyData] ([id], [versionId], [propertyTypeId], [languageId], [segment], [intValue], [decimalValue], [dateValue], [varcharValue], [textValue]) VALUES (126, 64, 119, NULL, NULL, NULL, NULL, NULL, N'0', NULL)
GO
INSERT [dbo].[umbracoPropertyData] ([id], [versionId], [propertyTypeId], [languageId], [segment], [intValue], [decimalValue], [dateValue], [varcharValue], [textValue]) VALUES (127, 65, 113, NULL, NULL, NULL, NULL, NULL, N'Howdy', NULL)
GO
INSERT [dbo].[umbracoPropertyData] ([id], [versionId], [propertyTypeId], [languageId], [segment], [intValue], [decimalValue], [dateValue], [varcharValue], [textValue]) VALUES (129, 65, 116, NULL, NULL, 0, NULL, NULL, NULL, NULL)
GO
INSERT [dbo].[umbracoPropertyData] ([id], [versionId], [propertyTypeId], [languageId], [segment], [intValue], [decimalValue], [dateValue], [varcharValue], [textValue]) VALUES (130, 65, 117, NULL, NULL, 0, NULL, NULL, NULL, NULL)
GO
INSERT [dbo].[umbracoPropertyData] ([id], [versionId], [propertyTypeId], [languageId], [segment], [intValue], [decimalValue], [dateValue], [varcharValue], [textValue]) VALUES (131, 65, 119, NULL, NULL, NULL, NULL, NULL, N'0', NULL)
GO
INSERT [dbo].[umbracoPropertyData] ([id], [versionId], [propertyTypeId], [languageId], [segment], [intValue], [decimalValue], [dateValue], [varcharValue], [textValue]) VALUES (133, 66, 116, NULL, NULL, 0, NULL, NULL, NULL, NULL)
GO
INSERT [dbo].[umbracoPropertyData] ([id], [versionId], [propertyTypeId], [languageId], [segment], [intValue], [decimalValue], [dateValue], [varcharValue], [textValue]) VALUES (134, 66, 117, NULL, NULL, 0, NULL, NULL, NULL, NULL)
GO
INSERT [dbo].[umbracoPropertyData] ([id], [versionId], [propertyTypeId], [languageId], [segment], [intValue], [decimalValue], [dateValue], [varcharValue], [textValue]) VALUES (135, 66, 119, NULL, NULL, NULL, NULL, NULL, N'0', NULL)
GO
INSERT [dbo].[umbracoPropertyData] ([id], [versionId], [propertyTypeId], [languageId], [segment], [intValue], [decimalValue], [dateValue], [varcharValue], [textValue]) VALUES (136, 67, 116, NULL, NULL, 0, NULL, NULL, NULL, NULL)
GO
INSERT [dbo].[umbracoPropertyData] ([id], [versionId], [propertyTypeId], [languageId], [segment], [intValue], [decimalValue], [dateValue], [varcharValue], [textValue]) VALUES (137, 67, 117, NULL, NULL, 0, NULL, NULL, NULL, NULL)
GO
INSERT [dbo].[umbracoPropertyData] ([id], [versionId], [propertyTypeId], [languageId], [segment], [intValue], [decimalValue], [dateValue], [varcharValue], [textValue]) VALUES (138, 67, 119, NULL, NULL, NULL, NULL, NULL, N'0', NULL)
GO
INSERT [dbo].[umbracoPropertyData] ([id], [versionId], [propertyTypeId], [languageId], [segment], [intValue], [decimalValue], [dateValue], [varcharValue], [textValue]) VALUES (139, 68, 119, NULL, NULL, NULL, NULL, NULL, N'0', NULL)
GO
INSERT [dbo].[umbracoPropertyData] ([id], [versionId], [propertyTypeId], [languageId], [segment], [intValue], [decimalValue], [dateValue], [varcharValue], [textValue]) VALUES (140, 15, 113, NULL, NULL, NULL, NULL, NULL, N'sdsdf', NULL)
GO
INSERT [dbo].[umbracoPropertyData] ([id], [versionId], [propertyTypeId], [languageId], [segment], [intValue], [decimalValue], [dateValue], [varcharValue], [textValue]) VALUES (142, 68, 116, NULL, NULL, 0, NULL, NULL, NULL, NULL)
GO
INSERT [dbo].[umbracoPropertyData] ([id], [versionId], [propertyTypeId], [languageId], [segment], [intValue], [decimalValue], [dateValue], [varcharValue], [textValue]) VALUES (143, 68, 117, NULL, NULL, 0, NULL, NULL, NULL, NULL)
GO
INSERT [dbo].[umbracoPropertyData] ([id], [versionId], [propertyTypeId], [languageId], [segment], [intValue], [decimalValue], [dateValue], [varcharValue], [textValue]) VALUES (144, 69, 119, NULL, NULL, NULL, NULL, NULL, N'0', NULL)
GO
INSERT [dbo].[umbracoPropertyData] ([id], [versionId], [propertyTypeId], [languageId], [segment], [intValue], [decimalValue], [dateValue], [varcharValue], [textValue]) VALUES (145, 69, 116, NULL, NULL, 0, NULL, NULL, NULL, NULL)
GO
INSERT [dbo].[umbracoPropertyData] ([id], [versionId], [propertyTypeId], [languageId], [segment], [intValue], [decimalValue], [dateValue], [varcharValue], [textValue]) VALUES (146, 69, 117, NULL, NULL, 0, NULL, NULL, NULL, NULL)
GO
INSERT [dbo].[umbracoPropertyData] ([id], [versionId], [propertyTypeId], [languageId], [segment], [intValue], [decimalValue], [dateValue], [varcharValue], [textValue]) VALUES (147, 70, 119, NULL, NULL, NULL, NULL, NULL, N'0', NULL)
GO
INSERT [dbo].[umbracoPropertyData] ([id], [versionId], [propertyTypeId], [languageId], [segment], [intValue], [decimalValue], [dateValue], [varcharValue], [textValue]) VALUES (148, 70, 116, NULL, NULL, 0, NULL, NULL, NULL, NULL)
GO
INSERT [dbo].[umbracoPropertyData] ([id], [versionId], [propertyTypeId], [languageId], [segment], [intValue], [decimalValue], [dateValue], [varcharValue], [textValue]) VALUES (149, 70, 117, NULL, NULL, 0, NULL, NULL, NULL, NULL)
GO
INSERT [dbo].[umbracoPropertyData] ([id], [versionId], [propertyTypeId], [languageId], [segment], [intValue], [decimalValue], [dateValue], [varcharValue], [textValue]) VALUES (151, 71, 129, NULL, NULL, NULL, NULL, NULL, N'Cloud Transformer Template', NULL)
GO
INSERT [dbo].[umbracoPropertyData] ([id], [versionId], [propertyTypeId], [languageId], [segment], [intValue], [decimalValue], [dateValue], [varcharValue], [textValue]) VALUES (152, 71, 130, NULL, NULL, NULL, NULL, NULL, N'Lorem ipsum...', NULL)
GO
INSERT [dbo].[umbracoPropertyData] ([id], [versionId], [propertyTypeId], [languageId], [segment], [intValue], [decimalValue], [dateValue], [varcharValue], [textValue]) VALUES (153, 71, 128, NULL, NULL, NULL, NULL, NULL, N'cloud-transformer-template', NULL)
GO
INSERT [dbo].[umbracoPropertyData] ([id], [versionId], [propertyTypeId], [languageId], [segment], [intValue], [decimalValue], [dateValue], [varcharValue], [textValue]) VALUES (155, 72, 129, NULL, NULL, NULL, NULL, NULL, N'Cloud Transformer Template', NULL)
GO
INSERT [dbo].[umbracoPropertyData] ([id], [versionId], [propertyTypeId], [languageId], [segment], [intValue], [decimalValue], [dateValue], [varcharValue], [textValue]) VALUES (156, 72, 130, NULL, NULL, NULL, NULL, NULL, N'Lorem ipsum...', NULL)
GO
INSERT [dbo].[umbracoPropertyData] ([id], [versionId], [propertyTypeId], [languageId], [segment], [intValue], [decimalValue], [dateValue], [varcharValue], [textValue]) VALUES (157, 72, 128, NULL, NULL, NULL, NULL, NULL, N'cloud-transformer-template', NULL)
GO
INSERT [dbo].[umbracoPropertyData] ([id], [versionId], [propertyTypeId], [languageId], [segment], [intValue], [decimalValue], [dateValue], [varcharValue], [textValue]) VALUES (158, 73, 128, NULL, NULL, NULL, NULL, NULL, N'cloud-transformer-template', NULL)
GO
INSERT [dbo].[umbracoPropertyData] ([id], [versionId], [propertyTypeId], [languageId], [segment], [intValue], [decimalValue], [dateValue], [varcharValue], [textValue]) VALUES (159, 73, 129, NULL, NULL, NULL, NULL, NULL, N'Cloud Transformer Template', NULL)
GO
INSERT [dbo].[umbracoPropertyData] ([id], [versionId], [propertyTypeId], [languageId], [segment], [intValue], [decimalValue], [dateValue], [varcharValue], [textValue]) VALUES (160, 73, 130, NULL, NULL, NULL, NULL, NULL, N'Lorem ipsum...', NULL)
GO
INSERT [dbo].[umbracoPropertyData] ([id], [versionId], [propertyTypeId], [languageId], [segment], [intValue], [decimalValue], [dateValue], [varcharValue], [textValue]) VALUES (161, 74, 128, NULL, NULL, NULL, NULL, NULL, N'cloud-transformer-template-dark', NULL)
GO
INSERT [dbo].[umbracoPropertyData] ([id], [versionId], [propertyTypeId], [languageId], [segment], [intValue], [decimalValue], [dateValue], [varcharValue], [textValue]) VALUES (162, 74, 129, NULL, NULL, NULL, NULL, NULL, N'Cloud Transformer Template', NULL)
GO
INSERT [dbo].[umbracoPropertyData] ([id], [versionId], [propertyTypeId], [languageId], [segment], [intValue], [decimalValue], [dateValue], [varcharValue], [textValue]) VALUES (163, 74, 130, NULL, NULL, NULL, NULL, NULL, N'Lorem ipsum...', NULL)
GO
INSERT [dbo].[umbracoPropertyData] ([id], [versionId], [propertyTypeId], [languageId], [segment], [intValue], [decimalValue], [dateValue], [varcharValue], [textValue]) VALUES (164, 75, 128, NULL, NULL, NULL, NULL, NULL, N'cloud-transformer-template-high-contrast', NULL)
GO
INSERT [dbo].[umbracoPropertyData] ([id], [versionId], [propertyTypeId], [languageId], [segment], [intValue], [decimalValue], [dateValue], [varcharValue], [textValue]) VALUES (165, 75, 129, NULL, NULL, NULL, NULL, NULL, N'Cloud Transformer Template', NULL)
GO
INSERT [dbo].[umbracoPropertyData] ([id], [versionId], [propertyTypeId], [languageId], [segment], [intValue], [decimalValue], [dateValue], [varcharValue], [textValue]) VALUES (166, 75, 130, NULL, NULL, NULL, NULL, NULL, N'Lorem ipsum...', NULL)
GO
INSERT [dbo].[umbracoPropertyData] ([id], [versionId], [propertyTypeId], [languageId], [segment], [intValue], [decimalValue], [dateValue], [varcharValue], [textValue]) VALUES (167, 76, 128, NULL, NULL, NULL, NULL, NULL, N'cloud-transformer-template-dark', NULL)
GO
INSERT [dbo].[umbracoPropertyData] ([id], [versionId], [propertyTypeId], [languageId], [segment], [intValue], [decimalValue], [dateValue], [varcharValue], [textValue]) VALUES (168, 76, 129, NULL, NULL, NULL, NULL, NULL, N'Cloud Transformer Template', NULL)
GO
INSERT [dbo].[umbracoPropertyData] ([id], [versionId], [propertyTypeId], [languageId], [segment], [intValue], [decimalValue], [dateValue], [varcharValue], [textValue]) VALUES (169, 76, 130, NULL, NULL, NULL, NULL, NULL, N'Lorem ipsum...', NULL)
GO
INSERT [dbo].[umbracoPropertyData] ([id], [versionId], [propertyTypeId], [languageId], [segment], [intValue], [decimalValue], [dateValue], [varcharValue], [textValue]) VALUES (170, 77, 128, NULL, NULL, NULL, NULL, NULL, N'cloud-transformer-template-high-contrast', NULL)
GO
INSERT [dbo].[umbracoPropertyData] ([id], [versionId], [propertyTypeId], [languageId], [segment], [intValue], [decimalValue], [dateValue], [varcharValue], [textValue]) VALUES (171, 77, 129, NULL, NULL, NULL, NULL, NULL, N'Cloud Transformer Template', NULL)
GO
INSERT [dbo].[umbracoPropertyData] ([id], [versionId], [propertyTypeId], [languageId], [segment], [intValue], [decimalValue], [dateValue], [varcharValue], [textValue]) VALUES (172, 77, 130, NULL, NULL, NULL, NULL, NULL, N'Lorem ipsum...', NULL)
GO
INSERT [dbo].[umbracoPropertyData] ([id], [versionId], [propertyTypeId], [languageId], [segment], [intValue], [decimalValue], [dateValue], [varcharValue], [textValue]) VALUES (173, 78, 128, NULL, NULL, NULL, NULL, NULL, N'cloud-transformer-template', NULL)
GO
INSERT [dbo].[umbracoPropertyData] ([id], [versionId], [propertyTypeId], [languageId], [segment], [intValue], [decimalValue], [dateValue], [varcharValue], [textValue]) VALUES (174, 78, 129, NULL, NULL, NULL, NULL, NULL, N'Cloud Transformer Template', NULL)
GO
INSERT [dbo].[umbracoPropertyData] ([id], [versionId], [propertyTypeId], [languageId], [segment], [intValue], [decimalValue], [dateValue], [varcharValue], [textValue]) VALUES (175, 78, 130, NULL, NULL, NULL, NULL, NULL, N'Lorem ipsum...', NULL)
GO
INSERT [dbo].[umbracoPropertyData] ([id], [versionId], [propertyTypeId], [languageId], [segment], [intValue], [decimalValue], [dateValue], [varcharValue], [textValue]) VALUES (176, 79, 128, NULL, NULL, NULL, NULL, NULL, N'cloud-transformer-template', NULL)
GO
INSERT [dbo].[umbracoPropertyData] ([id], [versionId], [propertyTypeId], [languageId], [segment], [intValue], [decimalValue], [dateValue], [varcharValue], [textValue]) VALUES (177, 79, 129, NULL, NULL, NULL, NULL, NULL, N'Cloud Transformer Template', NULL)
GO
INSERT [dbo].[umbracoPropertyData] ([id], [versionId], [propertyTypeId], [languageId], [segment], [intValue], [decimalValue], [dateValue], [varcharValue], [textValue]) VALUES (178, 79, 130, NULL, NULL, NULL, NULL, NULL, N'Lorem ipsum...', NULL)
GO
INSERT [dbo].[umbracoPropertyData] ([id], [versionId], [propertyTypeId], [languageId], [segment], [intValue], [decimalValue], [dateValue], [varcharValue], [textValue]) VALUES (179, 80, 128, NULL, NULL, NULL, NULL, NULL, N'cloud-transformer-template', NULL)
GO
INSERT [dbo].[umbracoPropertyData] ([id], [versionId], [propertyTypeId], [languageId], [segment], [intValue], [decimalValue], [dateValue], [varcharValue], [textValue]) VALUES (180, 80, 129, NULL, NULL, NULL, NULL, NULL, N'Cloud Transformer Template', NULL)
GO
INSERT [dbo].[umbracoPropertyData] ([id], [versionId], [propertyTypeId], [languageId], [segment], [intValue], [decimalValue], [dateValue], [varcharValue], [textValue]) VALUES (181, 80, 130, NULL, NULL, NULL, NULL, NULL, N'Lorem ipsum...', NULL)
GO
SET IDENTITY_INSERT [dbo].[umbracoPropertyData] OFF
GO
SET IDENTITY_INSERT [dbo].[umbracoRelationType] ON 

GO
INSERT [dbo].[umbracoRelationType] ([id], [typeUniqueId], [dual], [parentObjectType], [childObjectType], [name], [alias]) VALUES (1, N'4cbeb612-e689-3563-b755-bf3ede295433', 1, N'c66ba18e-eaf3-4cff-8a22-41b16d66a972', N'c66ba18e-eaf3-4cff-8a22-41b16d66a972', N'Relate Document On Copy', N'relateDocumentOnCopy')
GO
INSERT [dbo].[umbracoRelationType] ([id], [typeUniqueId], [dual], [parentObjectType], [childObjectType], [name], [alias]) VALUES (2, N'0cc3507c-66ab-3091-8913-3d998148e423', 0, N'c66ba18e-eaf3-4cff-8a22-41b16d66a972', N'c66ba18e-eaf3-4cff-8a22-41b16d66a972', N'Relate Parent Document On Delete', N'relateParentDocumentOnDelete')
GO
INSERT [dbo].[umbracoRelationType] ([id], [typeUniqueId], [dual], [parentObjectType], [childObjectType], [name], [alias]) VALUES (3, N'8307994f-faf2-3844-bab9-72d34514edf2', 0, N'b796f64c-1f99-4ffb-b886-4bf4bc011a9c', N'b796f64c-1f99-4ffb-b886-4bf4bc011a9c', N'Relate Parent Media Folder On Delete', N'relateParentMediaFolderOnDelete')
GO
INSERT [dbo].[umbracoRelationType] ([id], [typeUniqueId], [dual], [parentObjectType], [childObjectType], [name], [alias]) VALUES (4, N'4954ce93-3bf9-3d1e-9cd2-21bf9f9c2abf', 0, NULL, NULL, N'Related Media', N'umbMedia')
GO
INSERT [dbo].[umbracoRelationType] ([id], [typeUniqueId], [dual], [parentObjectType], [childObjectType], [name], [alias]) VALUES (5, N'0b93e414-5abe-36ec-a6bb-516e56f12238', 0, NULL, NULL, N'Related Document', N'umbDocument')
GO
SET IDENTITY_INSERT [dbo].[umbracoRelationType] OFF
GO
SET IDENTITY_INSERT [dbo].[umbracoUser] ON 

GO
INSERT [dbo].[umbracoUser] ([id], [userDisabled], [userNoConsole], [userName], [userLogin], [userPassword], [passwordConfig], [userEmail], [userLanguage], [securityStampToken], [failedLoginAttempts], [lastLockoutDate], [lastPasswordChangeDate], [lastLoginDate], [emailConfirmedDate], [invitedDate], [createDate], [updateDate], [avatar], [tourData]) VALUES (-1, 0, 0, N'Dan Lister', N'dan.lister@cloudtransformer.co.uk', N'fJjLAoVLwrEoNM2pWEwqxQ==SyNCy/+YwxusFZtD0iZYj5zsBrkypOLtAM1EXgW8JWU=', N'{"hashAlgorithm":"HMACSHA256"}', N'dan.lister@cloudtransformer.co.uk', N'en-GB', N'6cbead94-958e-40c5-99c1-b2b07f788906', NULL, NULL, CAST(N'2021-01-20T10:17:41.223' AS DateTime), CAST(N'2021-01-29T14:37:52.433' AS DateTime), NULL, NULL, CAST(N'2021-01-20T10:17:27.253' AS DateTime), CAST(N'2021-01-29T14:37:52.450' AS DateTime), N'none', N'[{"alias":"umbIntroIntroduction","completed":false,"disabled":true},{"alias":"umbEmailMarketing","completed":false,"disabled":true}]')
GO
SET IDENTITY_INSERT [dbo].[umbracoUser] OFF
GO
INSERT [dbo].[umbracoUser2UserGroup] ([userId], [userGroupId]) VALUES (-1, 1)
GO
INSERT [dbo].[umbracoUser2UserGroup] ([userId], [userGroupId]) VALUES (-1, 5)
GO
SET IDENTITY_INSERT [dbo].[umbracoUserGroup] ON 

GO
INSERT [dbo].[umbracoUserGroup] ([id], [userGroupAlias], [userGroupName], [userGroupDefaultPermissions], [createDate], [updateDate], [icon], [startContentId], [startMediaId]) VALUES (1, N'admin', N'Administrators', N'CADMOSKTPIURZ:5F7', CAST(N'2021-01-20T10:17:37.577' AS DateTime), CAST(N'2021-01-20T10:17:37.577' AS DateTime), N'icon-medal', -1, -1)
GO
INSERT [dbo].[umbracoUserGroup] ([id], [userGroupAlias], [userGroupName], [userGroupDefaultPermissions], [createDate], [updateDate], [icon], [startContentId], [startMediaId]) VALUES (2, N'writer', N'Writers', N'CAH:F', CAST(N'2021-01-20T10:17:37.600' AS DateTime), CAST(N'2021-01-20T10:17:37.600' AS DateTime), N'icon-edit', -1, -1)
GO
INSERT [dbo].[umbracoUserGroup] ([id], [userGroupAlias], [userGroupName], [userGroupDefaultPermissions], [createDate], [updateDate], [icon], [startContentId], [startMediaId]) VALUES (3, N'editor', N'Editors', N'CADMOSKTPUZ:5F', CAST(N'2021-01-20T10:17:37.623' AS DateTime), CAST(N'2021-01-20T10:17:37.623' AS DateTime), N'icon-tools', -1, -1)
GO
INSERT [dbo].[umbracoUserGroup] ([id], [userGroupAlias], [userGroupName], [userGroupDefaultPermissions], [createDate], [updateDate], [icon], [startContentId], [startMediaId]) VALUES (4, N'translator', N'Translators', N'AF', CAST(N'2021-01-20T10:17:37.647' AS DateTime), CAST(N'2021-01-20T10:17:37.647' AS DateTime), N'icon-globe', -1, -1)
GO
INSERT [dbo].[umbracoUserGroup] ([id], [userGroupAlias], [userGroupName], [userGroupDefaultPermissions], [createDate], [updateDate], [icon], [startContentId], [startMediaId]) VALUES (5, N'sensitiveData', N'Sensitive data', N'', CAST(N'2021-01-20T10:17:37.667' AS DateTime), CAST(N'2021-01-20T10:17:37.667' AS DateTime), N'icon-lock', -1, -1)
GO
SET IDENTITY_INSERT [dbo].[umbracoUserGroup] OFF
GO
INSERT [dbo].[umbracoUserGroup2App] ([userGroupId], [app]) VALUES (1, N'content')
GO
INSERT [dbo].[umbracoUserGroup2App] ([userGroupId], [app]) VALUES (1, N'forms')
GO
INSERT [dbo].[umbracoUserGroup2App] ([userGroupId], [app]) VALUES (1, N'media')
GO
INSERT [dbo].[umbracoUserGroup2App] ([userGroupId], [app]) VALUES (1, N'member')
GO
INSERT [dbo].[umbracoUserGroup2App] ([userGroupId], [app]) VALUES (1, N'packages')
GO
INSERT [dbo].[umbracoUserGroup2App] ([userGroupId], [app]) VALUES (1, N'settings')
GO
INSERT [dbo].[umbracoUserGroup2App] ([userGroupId], [app]) VALUES (1, N'translation')
GO
INSERT [dbo].[umbracoUserGroup2App] ([userGroupId], [app]) VALUES (1, N'users')
GO
INSERT [dbo].[umbracoUserGroup2App] ([userGroupId], [app]) VALUES (2, N'content')
GO
INSERT [dbo].[umbracoUserGroup2App] ([userGroupId], [app]) VALUES (3, N'content')
GO
INSERT [dbo].[umbracoUserGroup2App] ([userGroupId], [app]) VALUES (3, N'forms')
GO
INSERT [dbo].[umbracoUserGroup2App] ([userGroupId], [app]) VALUES (3, N'media')
GO
INSERT [dbo].[umbracoUserGroup2App] ([userGroupId], [app]) VALUES (4, N'translation')
GO
CREATE UNIQUE NONCLUSTERED INDEX [IX_cmsContentType] ON [dbo].[cmsContentType]
(
	[nodeId] ASC
)WITH (PAD_INDEX = OFF, STATISTICS_NORECOMPUTE = OFF, SORT_IN_TEMPDB = OFF, IGNORE_DUP_KEY = OFF, DROP_EXISTING = OFF, ONLINE = OFF, ALLOW_ROW_LOCKS = ON, ALLOW_PAGE_LOCKS = ON)
GO
SET ANSI_PADDING ON

GO
CREATE NONCLUSTERED INDEX [IX_cmsContentType_icon] ON [dbo].[cmsContentType]
(
	[icon] ASC
)WITH (PAD_INDEX = OFF, STATISTICS_NORECOMPUTE = OFF, SORT_IN_TEMPDB = OFF, DROP_EXISTING = OFF, ONLINE = OFF, ALLOW_ROW_LOCKS = ON, ALLOW_PAGE_LOCKS = ON)
GO
CREATE UNIQUE NONCLUSTERED INDEX [IX_cmsDictionary_id] ON [dbo].[cmsDictionary]
(
	[id] ASC
)WITH (PAD_INDEX = OFF, STATISTICS_NORECOMPUTE = OFF, SORT_IN_TEMPDB = OFF, IGNORE_DUP_KEY = OFF, DROP_EXISTING = OFF, ONLINE = OFF, ALLOW_ROW_LOCKS = ON, ALLOW_PAGE_LOCKS = ON)
GO
SET ANSI_PADDING ON

GO
CREATE NONCLUSTERED INDEX [IX_cmsDictionary_key] ON [dbo].[cmsDictionary]
(
	[key] ASC
)WITH (PAD_INDEX = OFF, STATISTICS_NORECOMPUTE = OFF, SORT_IN_TEMPDB = OFF, DROP_EXISTING = OFF, ONLINE = OFF, ALLOW_ROW_LOCKS = ON, ALLOW_PAGE_LOCKS = ON)
GO
CREATE NONCLUSTERED INDEX [IX_cmsDictionary_Parent] ON [dbo].[cmsDictionary]
(
	[parent] ASC
)WITH (PAD_INDEX = OFF, STATISTICS_NORECOMPUTE = OFF, SORT_IN_TEMPDB = OFF, DROP_EXISTING = OFF, ONLINE = OFF, ALLOW_ROW_LOCKS = ON, ALLOW_PAGE_LOCKS = ON)
GO
CREATE UNIQUE NONCLUSTERED INDEX [IX_cmsMacro_UniqueId] ON [dbo].[cmsMacro]
(
	[uniqueId] ASC
)WITH (PAD_INDEX = OFF, STATISTICS_NORECOMPUTE = OFF, SORT_IN_TEMPDB = OFF, IGNORE_DUP_KEY = OFF, DROP_EXISTING = OFF, ONLINE = OFF, ALLOW_ROW_LOCKS = ON, ALLOW_PAGE_LOCKS = ON)
GO
SET ANSI_PADDING ON

GO
CREATE UNIQUE NONCLUSTERED INDEX [IX_cmsMacroPropertyAlias] ON [dbo].[cmsMacro]
(
	[macroAlias] ASC
)WITH (PAD_INDEX = OFF, STATISTICS_NORECOMPUTE = OFF, SORT_IN_TEMPDB = OFF, IGNORE_DUP_KEY = OFF, DROP_EXISTING = OFF, ONLINE = OFF, ALLOW_ROW_LOCKS = ON, ALLOW_PAGE_LOCKS = ON)
GO
SET ANSI_PADDING ON

GO
CREATE UNIQUE NONCLUSTERED INDEX [IX_cmsMacroProperty_Alias] ON [dbo].[cmsMacroProperty]
(
	[macro] ASC,
	[macroPropertyAlias] ASC
)WITH (PAD_INDEX = OFF, STATISTICS_NORECOMPUTE = OFF, SORT_IN_TEMPDB = OFF, IGNORE_DUP_KEY = OFF, DROP_EXISTING = OFF, ONLINE = OFF, ALLOW_ROW_LOCKS = ON, ALLOW_PAGE_LOCKS = ON)
GO
CREATE UNIQUE NONCLUSTERED INDEX [IX_cmsMacroProperty_UniquePropertyId] ON [dbo].[cmsMacroProperty]
(
	[uniquePropertyId] ASC
)WITH (PAD_INDEX = OFF, STATISTICS_NORECOMPUTE = OFF, SORT_IN_TEMPDB = OFF, IGNORE_DUP_KEY = OFF, DROP_EXISTING = OFF, ONLINE = OFF, ALLOW_ROW_LOCKS = ON, ALLOW_PAGE_LOCKS = ON)
GO
SET ANSI_PADDING ON

GO
CREATE NONCLUSTERED INDEX [IX_cmsMember_LoginName] ON [dbo].[cmsMember]
(
	[LoginName] ASC
)WITH (PAD_INDEX = OFF, STATISTICS_NORECOMPUTE = OFF, SORT_IN_TEMPDB = OFF, DROP_EXISTING = OFF, ONLINE = OFF, ALLOW_ROW_LOCKS = ON, ALLOW_PAGE_LOCKS = ON)
GO
SET ANSI_PADDING ON

GO
CREATE NONCLUSTERED INDEX [IX_cmsPropertyTypeAlias] ON [dbo].[cmsPropertyType]
(
	[Alias] ASC
)WITH (PAD_INDEX = OFF, STATISTICS_NORECOMPUTE = OFF, SORT_IN_TEMPDB = OFF, DROP_EXISTING = OFF, ONLINE = OFF, ALLOW_ROW_LOCKS = ON, ALLOW_PAGE_LOCKS = ON)
GO
CREATE UNIQUE NONCLUSTERED INDEX [IX_cmsPropertyTypeUniqueID] ON [dbo].[cmsPropertyType]
(
	[UniqueID] ASC
)WITH (PAD_INDEX = OFF, STATISTICS_NORECOMPUTE = OFF, SORT_IN_TEMPDB = OFF, IGNORE_DUP_KEY = OFF, DROP_EXISTING = OFF, ONLINE = OFF, ALLOW_ROW_LOCKS = ON, ALLOW_PAGE_LOCKS = ON)
GO
CREATE UNIQUE NONCLUSTERED INDEX [IX_cmsPropertyTypeGroupUniqueID] ON [dbo].[cmsPropertyTypeGroup]
(
	[uniqueID] ASC
)WITH (PAD_INDEX = OFF, STATISTICS_NORECOMPUTE = OFF, SORT_IN_TEMPDB = OFF, IGNORE_DUP_KEY = OFF, DROP_EXISTING = OFF, ONLINE = OFF, ALLOW_ROW_LOCKS = ON, ALLOW_PAGE_LOCKS = ON)
GO
SET ANSI_PADDING ON

GO
CREATE UNIQUE NONCLUSTERED INDEX [IX_cmsTags] ON [dbo].[cmsTags]
(
	[group] ASC,
	[tag] ASC,
	[languageId] ASC
)WITH (PAD_INDEX = OFF, STATISTICS_NORECOMPUTE = OFF, SORT_IN_TEMPDB = OFF, IGNORE_DUP_KEY = OFF, DROP_EXISTING = OFF, ONLINE = OFF, ALLOW_ROW_LOCKS = ON, ALLOW_PAGE_LOCKS = ON)
GO
CREATE NONCLUSTERED INDEX [IX_cmsTags_LanguageId] ON [dbo].[cmsTags]
(
	[languageId] ASC
)WITH (PAD_INDEX = OFF, STATISTICS_NORECOMPUTE = OFF, SORT_IN_TEMPDB = OFF, DROP_EXISTING = OFF, ONLINE = OFF, ALLOW_ROW_LOCKS = ON, ALLOW_PAGE_LOCKS = ON)
GO
CREATE UNIQUE NONCLUSTERED INDEX [IX_cmsTemplate_nodeId] ON [dbo].[cmsTemplate]
(
	[nodeId] ASC
)WITH (PAD_INDEX = OFF, STATISTICS_NORECOMPUTE = OFF, SORT_IN_TEMPDB = OFF, IGNORE_DUP_KEY = OFF, DROP_EXISTING = OFF, ONLINE = OFF, ALLOW_ROW_LOCKS = ON, ALLOW_PAGE_LOCKS = ON)
GO
CREATE UNIQUE NONCLUSTERED INDEX [IX_umbracoAccess_nodeId] ON [dbo].[umbracoAccess]
(
	[nodeId] ASC
)WITH (PAD_INDEX = OFF, STATISTICS_NORECOMPUTE = OFF, SORT_IN_TEMPDB = OFF, IGNORE_DUP_KEY = OFF, DROP_EXISTING = OFF, ONLINE = OFF, ALLOW_ROW_LOCKS = ON, ALLOW_PAGE_LOCKS = ON)
GO
SET ANSI_PADDING ON

GO
CREATE UNIQUE NONCLUSTERED INDEX [IX_umbracoAccessRule] ON [dbo].[umbracoAccessRule]
(
	[ruleValue] ASC,
	[ruleType] ASC,
	[accessId] ASC
)WITH (PAD_INDEX = OFF, STATISTICS_NORECOMPUTE = OFF, SORT_IN_TEMPDB = OFF, IGNORE_DUP_KEY = OFF, DROP_EXISTING = OFF, ONLINE = OFF, ALLOW_ROW_LOCKS = ON, ALLOW_PAGE_LOCKS = ON)
GO
CREATE NONCLUSTERED INDEX [IX_umbracoContentVersion_NodeId] ON [dbo].[umbracoContentVersion]
(
	[nodeId] ASC,
	[current] ASC
)WITH (PAD_INDEX = OFF, STATISTICS_NORECOMPUTE = OFF, SORT_IN_TEMPDB = OFF, DROP_EXISTING = OFF, ONLINE = OFF, ALLOW_ROW_LOCKS = ON, ALLOW_PAGE_LOCKS = ON)
GO
CREATE NONCLUSTERED INDEX [IX_umbracoContentVersionCultureVariation_LanguageId] ON [dbo].[umbracoContentVersionCultureVariation]
(
	[languageId] ASC
)WITH (PAD_INDEX = OFF, STATISTICS_NORECOMPUTE = OFF, SORT_IN_TEMPDB = OFF, DROP_EXISTING = OFF, ONLINE = OFF, ALLOW_ROW_LOCKS = ON, ALLOW_PAGE_LOCKS = ON)
GO
CREATE UNIQUE NONCLUSTERED INDEX [IX_umbracoContentVersionCultureVariation_VersionId] ON [dbo].[umbracoContentVersionCultureVariation]
(
	[versionId] ASC,
	[languageId] ASC
)WITH (PAD_INDEX = OFF, STATISTICS_NORECOMPUTE = OFF, SORT_IN_TEMPDB = OFF, IGNORE_DUP_KEY = OFF, DROP_EXISTING = OFF, ONLINE = OFF, ALLOW_ROW_LOCKS = ON, ALLOW_PAGE_LOCKS = ON)
GO
CREATE NONCLUSTERED INDEX [IX_umbracoDocument_Published] ON [dbo].[umbracoDocument]
(
	[published] ASC
)WITH (PAD_INDEX = OFF, STATISTICS_NORECOMPUTE = OFF, SORT_IN_TEMPDB = OFF, DROP_EXISTING = OFF, ONLINE = OFF, ALLOW_ROW_LOCKS = ON, ALLOW_PAGE_LOCKS = ON)
GO
CREATE NONCLUSTERED INDEX [IX_umbracoDocumentCultureVariation_LanguageId] ON [dbo].[umbracoDocumentCultureVariation]
(
	[languageId] ASC
)WITH (PAD_INDEX = OFF, STATISTICS_NORECOMPUTE = OFF, SORT_IN_TEMPDB = OFF, DROP_EXISTING = OFF, ONLINE = OFF, ALLOW_ROW_LOCKS = ON, ALLOW_PAGE_LOCKS = ON)
GO
CREATE UNIQUE NONCLUSTERED INDEX [IX_umbracoDocumentCultureVariation_NodeId] ON [dbo].[umbracoDocumentCultureVariation]
(
	[nodeId] ASC,
	[languageId] ASC
)WITH (PAD_INDEX = OFF, STATISTICS_NORECOMPUTE = OFF, SORT_IN_TEMPDB = OFF, IGNORE_DUP_KEY = OFF, DROP_EXISTING = OFF, ONLINE = OFF, ALLOW_ROW_LOCKS = ON, ALLOW_PAGE_LOCKS = ON)
GO
CREATE NONCLUSTERED INDEX [IX_umbracoLanguage_fallbackLanguageId] ON [dbo].[umbracoLanguage]
(
	[fallbackLanguageId] ASC
)WITH (PAD_INDEX = OFF, STATISTICS_NORECOMPUTE = OFF, SORT_IN_TEMPDB = OFF, DROP_EXISTING = OFF, ONLINE = OFF, ALLOW_ROW_LOCKS = ON, ALLOW_PAGE_LOCKS = ON)
GO
SET ANSI_PADDING ON

GO
CREATE UNIQUE NONCLUSTERED INDEX [IX_umbracoLanguage_languageISOCode] ON [dbo].[umbracoLanguage]
(
	[languageISOCode] ASC
)WITH (PAD_INDEX = OFF, STATISTICS_NORECOMPUTE = OFF, SORT_IN_TEMPDB = OFF, IGNORE_DUP_KEY = OFF, DROP_EXISTING = OFF, ONLINE = OFF, ALLOW_ROW_LOCKS = ON, ALLOW_PAGE_LOCKS = ON)
GO
CREATE NONCLUSTERED INDEX [IX_umbracoLog] ON [dbo].[umbracoLog]
(
	[NodeId] ASC
)WITH (PAD_INDEX = OFF, STATISTICS_NORECOMPUTE = OFF, SORT_IN_TEMPDB = OFF, DROP_EXISTING = OFF, ONLINE = OFF, ALLOW_ROW_LOCKS = ON, ALLOW_PAGE_LOCKS = ON)
GO
SET ANSI_PADDING ON

GO
CREATE UNIQUE NONCLUSTERED INDEX [IX_umbracoMediaVersion] ON [dbo].[umbracoMediaVersion]
(
	[id] ASC,
	[path] ASC
)WITH (PAD_INDEX = OFF, STATISTICS_NORECOMPUTE = OFF, SORT_IN_TEMPDB = OFF, IGNORE_DUP_KEY = OFF, DROP_EXISTING = OFF, ONLINE = OFF, ALLOW_ROW_LOCKS = ON, ALLOW_PAGE_LOCKS = ON)
GO
CREATE NONCLUSTERED INDEX [IX_umbracoNode_ObjectType] ON [dbo].[umbracoNode]
(
	[nodeObjectType] ASC
)WITH (PAD_INDEX = OFF, STATISTICS_NORECOMPUTE = OFF, SORT_IN_TEMPDB = OFF, DROP_EXISTING = OFF, ONLINE = OFF, ALLOW_ROW_LOCKS = ON, ALLOW_PAGE_LOCKS = ON)
GO
CREATE NONCLUSTERED INDEX [IX_umbracoNode_ParentId] ON [dbo].[umbracoNode]
(
	[parentId] ASC
)WITH (PAD_INDEX = OFF, STATISTICS_NORECOMPUTE = OFF, SORT_IN_TEMPDB = OFF, DROP_EXISTING = OFF, ONLINE = OFF, ALLOW_ROW_LOCKS = ON, ALLOW_PAGE_LOCKS = ON)
GO
SET ANSI_PADDING ON

GO
CREATE NONCLUSTERED INDEX [IX_umbracoNode_Path] ON [dbo].[umbracoNode]
(
	[path] ASC
)WITH (PAD_INDEX = OFF, STATISTICS_NORECOMPUTE = OFF, SORT_IN_TEMPDB = OFF, DROP_EXISTING = OFF, ONLINE = OFF, ALLOW_ROW_LOCKS = ON, ALLOW_PAGE_LOCKS = ON)
GO
CREATE NONCLUSTERED INDEX [IX_umbracoNode_Trashed] ON [dbo].[umbracoNode]
(
	[trashed] ASC
)WITH (PAD_INDEX = OFF, STATISTICS_NORECOMPUTE = OFF, SORT_IN_TEMPDB = OFF, DROP_EXISTING = OFF, ONLINE = OFF, ALLOW_ROW_LOCKS = ON, ALLOW_PAGE_LOCKS = ON)
GO
CREATE UNIQUE NONCLUSTERED INDEX [IX_umbracoNode_UniqueId] ON [dbo].[umbracoNode]
(
	[uniqueId] ASC
)WITH (PAD_INDEX = OFF, STATISTICS_NORECOMPUTE = OFF, SORT_IN_TEMPDB = OFF, IGNORE_DUP_KEY = OFF, DROP_EXISTING = OFF, ONLINE = OFF, ALLOW_ROW_LOCKS = ON, ALLOW_PAGE_LOCKS = ON)
GO
CREATE NONCLUSTERED INDEX [IX_umbracoPropertyData_LanguageId] ON [dbo].[umbracoPropertyData]
(
	[languageId] ASC
)WITH (PAD_INDEX = OFF, STATISTICS_NORECOMPUTE = OFF, SORT_IN_TEMPDB = OFF, DROP_EXISTING = OFF, ONLINE = OFF, ALLOW_ROW_LOCKS = ON, ALLOW_PAGE_LOCKS = ON)
GO
CREATE NONCLUSTERED INDEX [IX_umbracoPropertyData_PropertyTypeId] ON [dbo].[umbracoPropertyData]
(
	[propertyTypeId] ASC
)WITH (PAD_INDEX = OFF, STATISTICS_NORECOMPUTE = OFF, SORT_IN_TEMPDB = OFF, DROP_EXISTING = OFF, ONLINE = OFF, ALLOW_ROW_LOCKS = ON, ALLOW_PAGE_LOCKS = ON)
GO
SET ANSI_PADDING ON

GO
CREATE NONCLUSTERED INDEX [IX_umbracoPropertyData_Segment] ON [dbo].[umbracoPropertyData]
(
	[segment] ASC
)WITH (PAD_INDEX = OFF, STATISTICS_NORECOMPUTE = OFF, SORT_IN_TEMPDB = OFF, DROP_EXISTING = OFF, ONLINE = OFF, ALLOW_ROW_LOCKS = ON, ALLOW_PAGE_LOCKS = ON)
GO
SET ANSI_PADDING ON

GO
CREATE UNIQUE NONCLUSTERED INDEX [IX_umbracoPropertyData_VersionId] ON [dbo].[umbracoPropertyData]
(
	[versionId] ASC,
	[propertyTypeId] ASC,
	[languageId] ASC,
	[segment] ASC
)WITH (PAD_INDEX = OFF, STATISTICS_NORECOMPUTE = OFF, SORT_IN_TEMPDB = OFF, IGNORE_DUP_KEY = OFF, DROP_EXISTING = OFF, ONLINE = OFF, ALLOW_ROW_LOCKS = ON, ALLOW_PAGE_LOCKS = ON)
GO
SET ANSI_PADDING ON

GO
CREATE UNIQUE NONCLUSTERED INDEX [IX_umbracoRedirectUrl] ON [dbo].[umbracoRedirectUrl]
(
	[urlHash] ASC,
	[contentKey] ASC,
	[culture] ASC,
	[createDateUtc] ASC
)WITH (PAD_INDEX = OFF, STATISTICS_NORECOMPUTE = OFF, SORT_IN_TEMPDB = OFF, IGNORE_DUP_KEY = OFF, DROP_EXISTING = OFF, ONLINE = OFF, ALLOW_ROW_LOCKS = ON, ALLOW_PAGE_LOCKS = ON)
GO
CREATE UNIQUE NONCLUSTERED INDEX [IX_umbracoRelation_parentChildType] ON [dbo].[umbracoRelation]
(
	[parentId] ASC,
	[childId] ASC,
	[relType] ASC
)WITH (PAD_INDEX = OFF, STATISTICS_NORECOMPUTE = OFF, SORT_IN_TEMPDB = OFF, IGNORE_DUP_KEY = OFF, DROP_EXISTING = OFF, ONLINE = OFF, ALLOW_ROW_LOCKS = ON, ALLOW_PAGE_LOCKS = ON)
GO
SET ANSI_PADDING ON

GO
CREATE UNIQUE NONCLUSTERED INDEX [IX_umbracoRelationType_alias] ON [dbo].[umbracoRelationType]
(
	[alias] ASC
)WITH (PAD_INDEX = OFF, STATISTICS_NORECOMPUTE = OFF, SORT_IN_TEMPDB = OFF, IGNORE_DUP_KEY = OFF, DROP_EXISTING = OFF, ONLINE = OFF, ALLOW_ROW_LOCKS = ON, ALLOW_PAGE_LOCKS = ON)
GO
SET ANSI_PADDING ON

GO
CREATE UNIQUE NONCLUSTERED INDEX [IX_umbracoRelationType_name] ON [dbo].[umbracoRelationType]
(
	[name] ASC
)WITH (PAD_INDEX = OFF, STATISTICS_NORECOMPUTE = OFF, SORT_IN_TEMPDB = OFF, IGNORE_DUP_KEY = OFF, DROP_EXISTING = OFF, ONLINE = OFF, ALLOW_ROW_LOCKS = ON, ALLOW_PAGE_LOCKS = ON)
GO
CREATE UNIQUE NONCLUSTERED INDEX [IX_umbracoRelationType_UniqueId] ON [dbo].[umbracoRelationType]
(
	[typeUniqueId] ASC
)WITH (PAD_INDEX = OFF, STATISTICS_NORECOMPUTE = OFF, SORT_IN_TEMPDB = OFF, IGNORE_DUP_KEY = OFF, DROP_EXISTING = OFF, ONLINE = OFF, ALLOW_ROW_LOCKS = ON, ALLOW_PAGE_LOCKS = ON)
GO
SET ANSI_PADDING ON

GO
CREATE UNIQUE NONCLUSTERED INDEX [IX_computerName] ON [dbo].[umbracoServer]
(
	[computerName] ASC
)WITH (PAD_INDEX = OFF, STATISTICS_NORECOMPUTE = OFF, SORT_IN_TEMPDB = OFF, IGNORE_DUP_KEY = OFF, DROP_EXISTING = OFF, ONLINE = OFF, ALLOW_ROW_LOCKS = ON, ALLOW_PAGE_LOCKS = ON)
GO
CREATE NONCLUSTERED INDEX [IX_umbracoServer_isActive] ON [dbo].[umbracoServer]
(
	[isActive] ASC
)WITH (PAD_INDEX = OFF, STATISTICS_NORECOMPUTE = OFF, SORT_IN_TEMPDB = OFF, DROP_EXISTING = OFF, ONLINE = OFF, ALLOW_ROW_LOCKS = ON, ALLOW_PAGE_LOCKS = ON)
GO
SET ANSI_PADDING ON

GO
CREATE NONCLUSTERED INDEX [IX_umbracoUser_userLogin] ON [dbo].[umbracoUser]
(
	[userLogin] ASC
)WITH (PAD_INDEX = OFF, STATISTICS_NORECOMPUTE = OFF, SORT_IN_TEMPDB = OFF, DROP_EXISTING = OFF, ONLINE = OFF, ALLOW_ROW_LOCKS = ON, ALLOW_PAGE_LOCKS = ON)
GO
SET ANSI_PADDING ON

GO
CREATE UNIQUE NONCLUSTERED INDEX [IX_umbracoUserGroup_userGroupAlias] ON [dbo].[umbracoUserGroup]
(
	[userGroupAlias] ASC
)WITH (PAD_INDEX = OFF, STATISTICS_NORECOMPUTE = OFF, SORT_IN_TEMPDB = OFF, IGNORE_DUP_KEY = OFF, DROP_EXISTING = OFF, ONLINE = OFF, ALLOW_ROW_LOCKS = ON, ALLOW_PAGE_LOCKS = ON)
GO
SET ANSI_PADDING ON

GO
CREATE UNIQUE NONCLUSTERED INDEX [IX_umbracoUserGroup_userGroupName] ON [dbo].[umbracoUserGroup]
(
	[userGroupName] ASC
)WITH (PAD_INDEX = OFF, STATISTICS_NORECOMPUTE = OFF, SORT_IN_TEMPDB = OFF, IGNORE_DUP_KEY = OFF, DROP_EXISTING = OFF, ONLINE = OFF, ALLOW_ROW_LOCKS = ON, ALLOW_PAGE_LOCKS = ON)
GO
CREATE NONCLUSTERED INDEX [IX_umbracoUser2NodePermission_nodeId] ON [dbo].[umbracoUserGroup2NodePermission]
(
	[nodeId] ASC
)WITH (PAD_INDEX = OFF, STATISTICS_NORECOMPUTE = OFF, SORT_IN_TEMPDB = OFF, DROP_EXISTING = OFF, ONLINE = OFF, ALLOW_ROW_LOCKS = ON, ALLOW_PAGE_LOCKS = ON)
GO
CREATE NONCLUSTERED INDEX [IX_umbracoUserLogin_lastValidatedUtc] ON [dbo].[umbracoUserLogin]
(
	[lastValidatedUtc] ASC
)WITH (PAD_INDEX = OFF, STATISTICS_NORECOMPUTE = OFF, SORT_IN_TEMPDB = OFF, DROP_EXISTING = OFF, ONLINE = OFF, ALLOW_ROW_LOCKS = ON, ALLOW_PAGE_LOCKS = ON)
GO
CREATE UNIQUE NONCLUSTERED INDEX [IX_umbracoUserStartNode_startNodeType] ON [dbo].[umbracoUserStartNode]
(
	[startNodeType] ASC,
	[startNode] ASC,
	[userId] ASC
)WITH (PAD_INDEX = OFF, STATISTICS_NORECOMPUTE = OFF, SORT_IN_TEMPDB = OFF, IGNORE_DUP_KEY = OFF, DROP_EXISTING = OFF, ONLINE = OFF, ALLOW_ROW_LOCKS = ON, ALLOW_PAGE_LOCKS = ON)
GO
ALTER TABLE [dbo].[cmsContentType] ADD  CONSTRAINT [DF_cmsContentType_thumbnail]  DEFAULT ('folder.png') FOR [thumbnail]
GO
ALTER TABLE [dbo].[cmsContentType] ADD  CONSTRAINT [DF_cmsContentType_isContainer]  DEFAULT ('0') FOR [isContainer]
GO
ALTER TABLE [dbo].[cmsContentType] ADD  CONSTRAINT [DF_cmsContentType_isElement]  DEFAULT ('0') FOR [isElement]
GO
ALTER TABLE [dbo].[cmsContentType] ADD  CONSTRAINT [DF_cmsContentType_allowAtRoot]  DEFAULT ('0') FOR [allowAtRoot]
GO
ALTER TABLE [dbo].[cmsContentType] ADD  CONSTRAINT [DF_cmsContentType_variations]  DEFAULT ('1') FOR [variations]
GO
ALTER TABLE [dbo].[cmsContentTypeAllowedContentType] ADD  CONSTRAINT [df_cmsContentTypeAllowedContentType_sortOrder]  DEFAULT ('0') FOR [SortOrder]
GO
ALTER TABLE [dbo].[cmsDocumentType] ADD  CONSTRAINT [DF_cmsDocumentType_IsDefault]  DEFAULT ('0') FOR [IsDefault]
GO
ALTER TABLE [dbo].[cmsMacro] ADD  CONSTRAINT [DF_cmsMacro_macroUseInEditor]  DEFAULT ('0') FOR [macroUseInEditor]
GO
ALTER TABLE [dbo].[cmsMacro] ADD  CONSTRAINT [DF_cmsMacro_macroRefreshRate]  DEFAULT ('0') FOR [macroRefreshRate]
GO
ALTER TABLE [dbo].[cmsMacro] ADD  CONSTRAINT [DF_cmsMacro_macroCacheByPage]  DEFAULT ('1') FOR [macroCacheByPage]
GO
ALTER TABLE [dbo].[cmsMacro] ADD  CONSTRAINT [DF_cmsMacro_macroCachePersonalized]  DEFAULT ('0') FOR [macroCachePersonalized]
GO
ALTER TABLE [dbo].[cmsMacro] ADD  CONSTRAINT [DF_cmsMacro_macroDontRender]  DEFAULT ('0') FOR [macroDontRender]
GO
ALTER TABLE [dbo].[cmsMacroProperty] ADD  CONSTRAINT [DF_cmsMacroProperty_macroPropertySortOrder]  DEFAULT ('0') FOR [macroPropertySortOrder]
GO
ALTER TABLE [dbo].[cmsMember] ADD  CONSTRAINT [DF_cmsMember_Email]  DEFAULT ('''') FOR [Email]
GO
ALTER TABLE [dbo].[cmsMember] ADD  CONSTRAINT [DF_cmsMember_LoginName]  DEFAULT ('''') FOR [LoginName]
GO
ALTER TABLE [dbo].[cmsMember] ADD  CONSTRAINT [DF_cmsMember_Password]  DEFAULT ('''') FOR [Password]
GO
ALTER TABLE [dbo].[cmsMemberType] ADD  CONSTRAINT [DF_cmsMemberType_memberCanEdit]  DEFAULT ('0') FOR [memberCanEdit]
GO
ALTER TABLE [dbo].[cmsMemberType] ADD  CONSTRAINT [DF_cmsMemberType_viewOnProfile]  DEFAULT ('0') FOR [viewOnProfile]
GO
ALTER TABLE [dbo].[cmsMemberType] ADD  CONSTRAINT [DF_cmsMemberType_isSensitive]  DEFAULT ('0') FOR [isSensitive]
GO
ALTER TABLE [dbo].[cmsPropertyType] ADD  CONSTRAINT [DF_cmsPropertyType_sortOrder]  DEFAULT ('0') FOR [sortOrder]
GO
ALTER TABLE [dbo].[cmsPropertyType] ADD  CONSTRAINT [DF_cmsPropertyType_mandatory]  DEFAULT ('0') FOR [mandatory]
GO
ALTER TABLE [dbo].[cmsPropertyType] ADD  CONSTRAINT [DF_cmsPropertyType_labelOnTop]  DEFAULT ('0') FOR [labelOnTop]
GO
ALTER TABLE [dbo].[cmsPropertyType] ADD  CONSTRAINT [DF_cmsPropertyType_variations]  DEFAULT ('1') FOR [variations]
GO
ALTER TABLE [dbo].[cmsPropertyType] ADD  CONSTRAINT [DF_cmsPropertyType_UniqueID]  DEFAULT (newid()) FOR [UniqueID]
GO
ALTER TABLE [dbo].[cmsPropertyTypeGroup] ADD  CONSTRAINT [DF_cmsPropertyTypeGroup_uniqueID]  DEFAULT (newid()) FOR [uniqueID]
GO
ALTER TABLE [dbo].[umbracoAccess] ADD  CONSTRAINT [DF_umbracoAccess_createDate]  DEFAULT (getdate()) FOR [createDate]
GO
ALTER TABLE [dbo].[umbracoAccess] ADD  CONSTRAINT [DF_umbracoAccess_updateDate]  DEFAULT (getdate()) FOR [updateDate]
GO
ALTER TABLE [dbo].[umbracoAccessRule] ADD  CONSTRAINT [DF_umbracoAccessRule_createDate]  DEFAULT (getdate()) FOR [createDate]
GO
ALTER TABLE [dbo].[umbracoAccessRule] ADD  CONSTRAINT [DF_umbracoAccessRule_updateDate]  DEFAULT (getdate()) FOR [updateDate]
GO
ALTER TABLE [dbo].[umbracoAudit] ADD  CONSTRAINT [DF_umbracoAudit_eventDateUtc]  DEFAULT (getdate()) FOR [eventDateUtc]
GO
ALTER TABLE [dbo].[umbracoCacheInstruction] ADD  CONSTRAINT [DF_umbracoCacheInstruction_instructionCount]  DEFAULT ('1') FOR [instructionCount]
GO
ALTER TABLE [dbo].[umbracoConsent] ADD  CONSTRAINT [DF_umbracoConsent_createDate]  DEFAULT (getdate()) FOR [createDate]
GO
ALTER TABLE [dbo].[umbracoContentVersion] ADD  CONSTRAINT [DF_umbracoContentVersion_versionDate]  DEFAULT (getdate()) FOR [versionDate]
GO
ALTER TABLE [dbo].[umbracoExternalLogin] ADD  CONSTRAINT [DF_umbracoExternalLogin_createDate]  DEFAULT (getdate()) FOR [createDate]
GO
ALTER TABLE [dbo].[umbracoKeyValue] ADD  CONSTRAINT [DF_umbracoKeyValue_updated]  DEFAULT (getdate()) FOR [updated]
GO
ALTER TABLE [dbo].[umbracoLanguage] ADD  CONSTRAINT [DF_umbracoLanguage_isDefaultVariantLang]  DEFAULT ('0') FOR [isDefaultVariantLang]
GO
ALTER TABLE [dbo].[umbracoLanguage] ADD  CONSTRAINT [DF_umbracoLanguage_mandatory]  DEFAULT ('0') FOR [mandatory]
GO
ALTER TABLE [dbo].[umbracoLog] ADD  CONSTRAINT [DF_umbracoLog_Datestamp]  DEFAULT (getdate()) FOR [Datestamp]
GO
ALTER TABLE [dbo].[umbracoNode] ADD  CONSTRAINT [DF_umbracoNode_uniqueId]  DEFAULT (newid()) FOR [uniqueId]
GO
ALTER TABLE [dbo].[umbracoNode] ADD  CONSTRAINT [DF_umbracoNode_trashed]  DEFAULT ('0') FOR [trashed]
GO
ALTER TABLE [dbo].[umbracoNode] ADD  CONSTRAINT [DF_umbracoNode_createDate]  DEFAULT (getdate()) FOR [createDate]
GO
ALTER TABLE [dbo].[umbracoRelation] ADD  CONSTRAINT [DF_umbracoRelation_datetime]  DEFAULT (getdate()) FOR [datetime]
GO
ALTER TABLE [dbo].[umbracoServer] ADD  CONSTRAINT [DF_umbracoServer_registeredDate]  DEFAULT (getdate()) FOR [registeredDate]
GO
ALTER TABLE [dbo].[umbracoUser] ADD  CONSTRAINT [DF_umbracoUser_userDisabled]  DEFAULT ('0') FOR [userDisabled]
GO
ALTER TABLE [dbo].[umbracoUser] ADD  CONSTRAINT [DF_umbracoUser_userNoConsole]  DEFAULT ('0') FOR [userNoConsole]
GO
ALTER TABLE [dbo].[umbracoUser] ADD  CONSTRAINT [DF_umbracoUser_createDate]  DEFAULT (getdate()) FOR [createDate]
GO
ALTER TABLE [dbo].[umbracoUser] ADD  CONSTRAINT [DF_umbracoUser_updateDate]  DEFAULT (getdate()) FOR [updateDate]
GO
ALTER TABLE [dbo].[umbracoUserGroup] ADD  CONSTRAINT [DF_umbracoUserGroup_createDate]  DEFAULT (getdate()) FOR [createDate]
GO
ALTER TABLE [dbo].[umbracoUserGroup] ADD  CONSTRAINT [DF_umbracoUserGroup_updateDate]  DEFAULT (getdate()) FOR [updateDate]
GO
ALTER TABLE [dbo].[cmsContentNu]  WITH NOCHECK ADD  CONSTRAINT [FK_cmsContentNu_umbracoContent_nodeId] FOREIGN KEY([nodeId])
REFERENCES [dbo].[umbracoContent] ([nodeId])
ON DELETE CASCADE
GO
ALTER TABLE [dbo].[cmsContentNu] CHECK CONSTRAINT [FK_cmsContentNu_umbracoContent_nodeId]
GO
ALTER TABLE [dbo].[cmsContentType]  WITH CHECK ADD  CONSTRAINT [FK_cmsContentType_umbracoNode_id] FOREIGN KEY([nodeId])
REFERENCES [dbo].[umbracoNode] ([id])
GO
ALTER TABLE [dbo].[cmsContentType] CHECK CONSTRAINT [FK_cmsContentType_umbracoNode_id]
GO
ALTER TABLE [dbo].[cmsContentType2ContentType]  WITH CHECK ADD  CONSTRAINT [FK_cmsContentType2ContentType_umbracoNode_child] FOREIGN KEY([childContentTypeId])
REFERENCES [dbo].[umbracoNode] ([id])
GO
ALTER TABLE [dbo].[cmsContentType2ContentType] CHECK CONSTRAINT [FK_cmsContentType2ContentType_umbracoNode_child]
GO
ALTER TABLE [dbo].[cmsContentType2ContentType]  WITH CHECK ADD  CONSTRAINT [FK_cmsContentType2ContentType_umbracoNode_parent] FOREIGN KEY([parentContentTypeId])
REFERENCES [dbo].[umbracoNode] ([id])
GO
ALTER TABLE [dbo].[cmsContentType2ContentType] CHECK CONSTRAINT [FK_cmsContentType2ContentType_umbracoNode_parent]
GO
ALTER TABLE [dbo].[cmsContentTypeAllowedContentType]  WITH CHECK ADD  CONSTRAINT [FK_cmsContentTypeAllowedContentType_cmsContentType] FOREIGN KEY([Id])
REFERENCES [dbo].[cmsContentType] ([nodeId])
GO
ALTER TABLE [dbo].[cmsContentTypeAllowedContentType] CHECK CONSTRAINT [FK_cmsContentTypeAllowedContentType_cmsContentType]
GO
ALTER TABLE [dbo].[cmsContentTypeAllowedContentType]  WITH CHECK ADD  CONSTRAINT [FK_cmsContentTypeAllowedContentType_cmsContentType1] FOREIGN KEY([AllowedId])
REFERENCES [dbo].[cmsContentType] ([nodeId])
GO
ALTER TABLE [dbo].[cmsContentTypeAllowedContentType] CHECK CONSTRAINT [FK_cmsContentTypeAllowedContentType_cmsContentType1]
GO
ALTER TABLE [dbo].[cmsDictionary]  WITH CHECK ADD  CONSTRAINT [FK_cmsDictionary_cmsDictionary_id] FOREIGN KEY([parent])
REFERENCES [dbo].[cmsDictionary] ([id])
GO
ALTER TABLE [dbo].[cmsDictionary] CHECK CONSTRAINT [FK_cmsDictionary_cmsDictionary_id]
GO
ALTER TABLE [dbo].[cmsDocumentType]  WITH CHECK ADD  CONSTRAINT [FK_cmsDocumentType_cmsContentType_nodeId] FOREIGN KEY([contentTypeNodeId])
REFERENCES [dbo].[cmsContentType] ([nodeId])
GO
ALTER TABLE [dbo].[cmsDocumentType] CHECK CONSTRAINT [FK_cmsDocumentType_cmsContentType_nodeId]
GO
ALTER TABLE [dbo].[cmsDocumentType]  WITH CHECK ADD  CONSTRAINT [FK_cmsDocumentType_cmsTemplate_nodeId] FOREIGN KEY([templateNodeId])
REFERENCES [dbo].[cmsTemplate] ([nodeId])
GO
ALTER TABLE [dbo].[cmsDocumentType] CHECK CONSTRAINT [FK_cmsDocumentType_cmsTemplate_nodeId]
GO
ALTER TABLE [dbo].[cmsDocumentType]  WITH CHECK ADD  CONSTRAINT [FK_cmsDocumentType_umbracoNode_id] FOREIGN KEY([contentTypeNodeId])
REFERENCES [dbo].[umbracoNode] ([id])
GO
ALTER TABLE [dbo].[cmsDocumentType] CHECK CONSTRAINT [FK_cmsDocumentType_umbracoNode_id]
GO
ALTER TABLE [dbo].[cmsLanguageText]  WITH CHECK ADD  CONSTRAINT [FK_cmsLanguageText_cmsDictionary_id] FOREIGN KEY([UniqueId])
REFERENCES [dbo].[cmsDictionary] ([id])
GO
ALTER TABLE [dbo].[cmsLanguageText] CHECK CONSTRAINT [FK_cmsLanguageText_cmsDictionary_id]
GO
ALTER TABLE [dbo].[cmsLanguageText]  WITH CHECK ADD  CONSTRAINT [FK_cmsLanguageText_umbracoLanguage_id] FOREIGN KEY([languageId])
REFERENCES [dbo].[umbracoLanguage] ([id])
GO
ALTER TABLE [dbo].[cmsLanguageText] CHECK CONSTRAINT [FK_cmsLanguageText_umbracoLanguage_id]
GO
ALTER TABLE [dbo].[cmsMacroProperty]  WITH CHECK ADD  CONSTRAINT [FK_cmsMacroProperty_cmsMacro_id] FOREIGN KEY([macro])
REFERENCES [dbo].[cmsMacro] ([id])
GO
ALTER TABLE [dbo].[cmsMacroProperty] CHECK CONSTRAINT [FK_cmsMacroProperty_cmsMacro_id]
GO
ALTER TABLE [dbo].[cmsMember]  WITH CHECK ADD  CONSTRAINT [FK_cmsMember_umbracoContent_nodeId] FOREIGN KEY([nodeId])
REFERENCES [dbo].[umbracoContent] ([nodeId])
GO
ALTER TABLE [dbo].[cmsMember] CHECK CONSTRAINT [FK_cmsMember_umbracoContent_nodeId]
GO
ALTER TABLE [dbo].[cmsMember2MemberGroup]  WITH CHECK ADD  CONSTRAINT [FK_cmsMember2MemberGroup_cmsMember_nodeId] FOREIGN KEY([Member])
REFERENCES [dbo].[cmsMember] ([nodeId])
GO
ALTER TABLE [dbo].[cmsMember2MemberGroup] CHECK CONSTRAINT [FK_cmsMember2MemberGroup_cmsMember_nodeId]
GO
ALTER TABLE [dbo].[cmsMember2MemberGroup]  WITH CHECK ADD  CONSTRAINT [FK_cmsMember2MemberGroup_umbracoNode_id] FOREIGN KEY([MemberGroup])
REFERENCES [dbo].[umbracoNode] ([id])
GO
ALTER TABLE [dbo].[cmsMember2MemberGroup] CHECK CONSTRAINT [FK_cmsMember2MemberGroup_umbracoNode_id]
GO
ALTER TABLE [dbo].[cmsMemberType]  WITH CHECK ADD  CONSTRAINT [FK_cmsMemberType_cmsContentType_nodeId] FOREIGN KEY([NodeId])
REFERENCES [dbo].[cmsContentType] ([nodeId])
GO
ALTER TABLE [dbo].[cmsMemberType] CHECK CONSTRAINT [FK_cmsMemberType_cmsContentType_nodeId]
GO
ALTER TABLE [dbo].[cmsMemberType]  WITH CHECK ADD  CONSTRAINT [FK_cmsMemberType_umbracoNode_id] FOREIGN KEY([NodeId])
REFERENCES [dbo].[umbracoNode] ([id])
GO
ALTER TABLE [dbo].[cmsMemberType] CHECK CONSTRAINT [FK_cmsMemberType_umbracoNode_id]
GO
ALTER TABLE [dbo].[cmsPropertyType]  WITH CHECK ADD  CONSTRAINT [FK_cmsPropertyType_cmsContentType_nodeId] FOREIGN KEY([contentTypeId])
REFERENCES [dbo].[cmsContentType] ([nodeId])
GO
ALTER TABLE [dbo].[cmsPropertyType] CHECK CONSTRAINT [FK_cmsPropertyType_cmsContentType_nodeId]
GO
ALTER TABLE [dbo].[cmsPropertyType]  WITH CHECK ADD  CONSTRAINT [FK_cmsPropertyType_cmsPropertyTypeGroup_id] FOREIGN KEY([propertyTypeGroupId])
REFERENCES [dbo].[cmsPropertyTypeGroup] ([id])
GO
ALTER TABLE [dbo].[cmsPropertyType] CHECK CONSTRAINT [FK_cmsPropertyType_cmsPropertyTypeGroup_id]
GO
ALTER TABLE [dbo].[cmsPropertyType]  WITH CHECK ADD  CONSTRAINT [FK_cmsPropertyType_umbracoDataType_nodeId] FOREIGN KEY([dataTypeId])
REFERENCES [dbo].[umbracoDataType] ([nodeId])
GO
ALTER TABLE [dbo].[cmsPropertyType] CHECK CONSTRAINT [FK_cmsPropertyType_umbracoDataType_nodeId]
GO
ALTER TABLE [dbo].[cmsPropertyTypeGroup]  WITH CHECK ADD  CONSTRAINT [FK_cmsPropertyTypeGroup_cmsContentType_nodeId] FOREIGN KEY([contenttypeNodeId])
REFERENCES [dbo].[cmsContentType] ([nodeId])
GO
ALTER TABLE [dbo].[cmsPropertyTypeGroup] CHECK CONSTRAINT [FK_cmsPropertyTypeGroup_cmsContentType_nodeId]
GO
ALTER TABLE [dbo].[cmsTagRelationship]  WITH CHECK ADD  CONSTRAINT [FK_cmsTagRelationship_cmsContent] FOREIGN KEY([nodeId])
REFERENCES [dbo].[umbracoContent] ([nodeId])
GO
ALTER TABLE [dbo].[cmsTagRelationship] CHECK CONSTRAINT [FK_cmsTagRelationship_cmsContent]
GO
ALTER TABLE [dbo].[cmsTagRelationship]  WITH CHECK ADD  CONSTRAINT [FK_cmsTagRelationship_cmsPropertyType] FOREIGN KEY([propertyTypeId])
REFERENCES [dbo].[cmsPropertyType] ([id])
GO
ALTER TABLE [dbo].[cmsTagRelationship] CHECK CONSTRAINT [FK_cmsTagRelationship_cmsPropertyType]
GO
ALTER TABLE [dbo].[cmsTagRelationship]  WITH CHECK ADD  CONSTRAINT [FK_cmsTagRelationship_cmsTags_id] FOREIGN KEY([tagId])
REFERENCES [dbo].[cmsTags] ([id])
GO
ALTER TABLE [dbo].[cmsTagRelationship] CHECK CONSTRAINT [FK_cmsTagRelationship_cmsTags_id]
GO
ALTER TABLE [dbo].[cmsTags]  WITH CHECK ADD  CONSTRAINT [FK_cmsTags_umbracoLanguage_id] FOREIGN KEY([languageId])
REFERENCES [dbo].[umbracoLanguage] ([id])
GO
ALTER TABLE [dbo].[cmsTags] CHECK CONSTRAINT [FK_cmsTags_umbracoLanguage_id]
GO
ALTER TABLE [dbo].[cmsTemplate]  WITH CHECK ADD  CONSTRAINT [FK_cmsTemplate_umbracoNode] FOREIGN KEY([nodeId])
REFERENCES [dbo].[umbracoNode] ([id])
GO
ALTER TABLE [dbo].[cmsTemplate] CHECK CONSTRAINT [FK_cmsTemplate_umbracoNode]
GO
ALTER TABLE [dbo].[umbracoAccess]  WITH CHECK ADD  CONSTRAINT [FK_umbracoAccess_umbracoNode_id] FOREIGN KEY([nodeId])
REFERENCES [dbo].[umbracoNode] ([id])
GO
ALTER TABLE [dbo].[umbracoAccess] CHECK CONSTRAINT [FK_umbracoAccess_umbracoNode_id]
GO
ALTER TABLE [dbo].[umbracoAccess]  WITH CHECK ADD  CONSTRAINT [FK_umbracoAccess_umbracoNode_id1] FOREIGN KEY([loginNodeId])
REFERENCES [dbo].[umbracoNode] ([id])
GO
ALTER TABLE [dbo].[umbracoAccess] CHECK CONSTRAINT [FK_umbracoAccess_umbracoNode_id1]
GO
ALTER TABLE [dbo].[umbracoAccess]  WITH CHECK ADD  CONSTRAINT [FK_umbracoAccess_umbracoNode_id2] FOREIGN KEY([noAccessNodeId])
REFERENCES [dbo].[umbracoNode] ([id])
GO
ALTER TABLE [dbo].[umbracoAccess] CHECK CONSTRAINT [FK_umbracoAccess_umbracoNode_id2]
GO
ALTER TABLE [dbo].[umbracoAccessRule]  WITH CHECK ADD  CONSTRAINT [FK_umbracoAccessRule_umbracoAccess_id] FOREIGN KEY([accessId])
REFERENCES [dbo].[umbracoAccess] ([id])
GO
ALTER TABLE [dbo].[umbracoAccessRule] CHECK CONSTRAINT [FK_umbracoAccessRule_umbracoAccess_id]
GO
ALTER TABLE [dbo].[umbracoContent]  WITH CHECK ADD  CONSTRAINT [FK_umbracoContent_cmsContentType_NodeId] FOREIGN KEY([contentTypeId])
REFERENCES [dbo].[cmsContentType] ([nodeId])
GO
ALTER TABLE [dbo].[umbracoContent] CHECK CONSTRAINT [FK_umbracoContent_cmsContentType_NodeId]
GO
ALTER TABLE [dbo].[umbracoContent]  WITH CHECK ADD  CONSTRAINT [FK_umbracoContent_umbracoNode_id] FOREIGN KEY([nodeId])
REFERENCES [dbo].[umbracoNode] ([id])
GO
ALTER TABLE [dbo].[umbracoContent] CHECK CONSTRAINT [FK_umbracoContent_umbracoNode_id]
GO
ALTER TABLE [dbo].[umbracoContentSchedule]  WITH CHECK ADD  CONSTRAINT [FK_umbracoContentSchedule_umbracoContent_nodeId] FOREIGN KEY([nodeId])
REFERENCES [dbo].[umbracoContent] ([nodeId])
GO
ALTER TABLE [dbo].[umbracoContentSchedule] CHECK CONSTRAINT [FK_umbracoContentSchedule_umbracoContent_nodeId]
GO
ALTER TABLE [dbo].[umbracoContentSchedule]  WITH CHECK ADD  CONSTRAINT [FK_umbracoContentSchedule_umbracoLanguage_id] FOREIGN KEY([languageId])
REFERENCES [dbo].[umbracoLanguage] ([id])
GO
ALTER TABLE [dbo].[umbracoContentSchedule] CHECK CONSTRAINT [FK_umbracoContentSchedule_umbracoLanguage_id]
GO
ALTER TABLE [dbo].[umbracoContentVersion]  WITH CHECK ADD  CONSTRAINT [FK_umbracoContentVersion_umbracoContent_nodeId] FOREIGN KEY([nodeId])
REFERENCES [dbo].[umbracoContent] ([nodeId])
GO
ALTER TABLE [dbo].[umbracoContentVersion] CHECK CONSTRAINT [FK_umbracoContentVersion_umbracoContent_nodeId]
GO
ALTER TABLE [dbo].[umbracoContentVersion]  WITH CHECK ADD  CONSTRAINT [FK_umbracoContentVersion_umbracoUser_id] FOREIGN KEY([userId])
REFERENCES [dbo].[umbracoUser] ([id])
GO
ALTER TABLE [dbo].[umbracoContentVersion] CHECK CONSTRAINT [FK_umbracoContentVersion_umbracoUser_id]
GO
ALTER TABLE [dbo].[umbracoContentVersionCultureVariation]  WITH CHECK ADD  CONSTRAINT [FK_umbracoContentVersionCultureVariation_umbracoContentVersion_id] FOREIGN KEY([versionId])
REFERENCES [dbo].[umbracoContentVersion] ([id])
GO
ALTER TABLE [dbo].[umbracoContentVersionCultureVariation] CHECK CONSTRAINT [FK_umbracoContentVersionCultureVariation_umbracoContentVersion_id]
GO
ALTER TABLE [dbo].[umbracoContentVersionCultureVariation]  WITH CHECK ADD  CONSTRAINT [FK_umbracoContentVersionCultureVariation_umbracoLanguage_id] FOREIGN KEY([languageId])
REFERENCES [dbo].[umbracoLanguage] ([id])
GO
ALTER TABLE [dbo].[umbracoContentVersionCultureVariation] CHECK CONSTRAINT [FK_umbracoContentVersionCultureVariation_umbracoLanguage_id]
GO
ALTER TABLE [dbo].[umbracoContentVersionCultureVariation]  WITH CHECK ADD  CONSTRAINT [FK_umbracoContentVersionCultureVariation_umbracoUser_id] FOREIGN KEY([availableUserId])
REFERENCES [dbo].[umbracoUser] ([id])
GO
ALTER TABLE [dbo].[umbracoContentVersionCultureVariation] CHECK CONSTRAINT [FK_umbracoContentVersionCultureVariation_umbracoUser_id]
GO
ALTER TABLE [dbo].[umbracoDataType]  WITH CHECK ADD  CONSTRAINT [FK_umbracoDataType_umbracoNode_id] FOREIGN KEY([nodeId])
REFERENCES [dbo].[umbracoNode] ([id])
GO
ALTER TABLE [dbo].[umbracoDataType] CHECK CONSTRAINT [FK_umbracoDataType_umbracoNode_id]
GO
ALTER TABLE [dbo].[umbracoDocument]  WITH CHECK ADD  CONSTRAINT [FK_umbracoDocument_umbracoContent_nodeId] FOREIGN KEY([nodeId])
REFERENCES [dbo].[umbracoContent] ([nodeId])
GO
ALTER TABLE [dbo].[umbracoDocument] CHECK CONSTRAINT [FK_umbracoDocument_umbracoContent_nodeId]
GO
ALTER TABLE [dbo].[umbracoDocumentCultureVariation]  WITH CHECK ADD  CONSTRAINT [FK_umbracoDocumentCultureVariation_umbracoLanguage_id] FOREIGN KEY([languageId])
REFERENCES [dbo].[umbracoLanguage] ([id])
GO
ALTER TABLE [dbo].[umbracoDocumentCultureVariation] CHECK CONSTRAINT [FK_umbracoDocumentCultureVariation_umbracoLanguage_id]
GO
ALTER TABLE [dbo].[umbracoDocumentCultureVariation]  WITH CHECK ADD  CONSTRAINT [FK_umbracoDocumentCultureVariation_umbracoNode_id] FOREIGN KEY([nodeId])
REFERENCES [dbo].[umbracoNode] ([id])
GO
ALTER TABLE [dbo].[umbracoDocumentCultureVariation] CHECK CONSTRAINT [FK_umbracoDocumentCultureVariation_umbracoNode_id]
GO
ALTER TABLE [dbo].[umbracoDocumentVersion]  WITH CHECK ADD  CONSTRAINT [FK_umbracoDocumentVersion_cmsTemplate_nodeId] FOREIGN KEY([templateId])
REFERENCES [dbo].[cmsTemplate] ([nodeId])
GO
ALTER TABLE [dbo].[umbracoDocumentVersion] CHECK CONSTRAINT [FK_umbracoDocumentVersion_cmsTemplate_nodeId]
GO
ALTER TABLE [dbo].[umbracoDocumentVersion]  WITH CHECK ADD  CONSTRAINT [FK_umbracoDocumentVersion_umbracoContentVersion_id] FOREIGN KEY([id])
REFERENCES [dbo].[umbracoContentVersion] ([id])
GO
ALTER TABLE [dbo].[umbracoDocumentVersion] CHECK CONSTRAINT [FK_umbracoDocumentVersion_umbracoContentVersion_id]
GO
ALTER TABLE [dbo].[umbracoDomain]  WITH CHECK ADD  CONSTRAINT [FK_umbracoDomain_umbracoNode_id] FOREIGN KEY([domainRootStructureID])
REFERENCES [dbo].[umbracoNode] ([id])
GO
ALTER TABLE [dbo].[umbracoDomain] CHECK CONSTRAINT [FK_umbracoDomain_umbracoNode_id]
GO
ALTER TABLE [dbo].[umbracoLanguage]  WITH CHECK ADD  CONSTRAINT [FK_umbracoLanguage_umbracoLanguage_id] FOREIGN KEY([fallbackLanguageId])
REFERENCES [dbo].[umbracoLanguage] ([id])
GO
ALTER TABLE [dbo].[umbracoLanguage] CHECK CONSTRAINT [FK_umbracoLanguage_umbracoLanguage_id]
GO
ALTER TABLE [dbo].[umbracoLog]  WITH CHECK ADD  CONSTRAINT [FK_umbracoLog_umbracoUser_id] FOREIGN KEY([userId])
REFERENCES [dbo].[umbracoUser] ([id])
GO
ALTER TABLE [dbo].[umbracoLog] CHECK CONSTRAINT [FK_umbracoLog_umbracoUser_id]
GO
ALTER TABLE [dbo].[umbracoMediaVersion]  WITH CHECK ADD  CONSTRAINT [FK_umbracoMediaVersion_umbracoContentVersion_id] FOREIGN KEY([id])
REFERENCES [dbo].[umbracoContentVersion] ([id])
GO
ALTER TABLE [dbo].[umbracoMediaVersion] CHECK CONSTRAINT [FK_umbracoMediaVersion_umbracoContentVersion_id]
GO
ALTER TABLE [dbo].[umbracoNode]  WITH CHECK ADD  CONSTRAINT [FK_umbracoNode_umbracoNode_id] FOREIGN KEY([parentId])
REFERENCES [dbo].[umbracoNode] ([id])
GO
ALTER TABLE [dbo].[umbracoNode] CHECK CONSTRAINT [FK_umbracoNode_umbracoNode_id]
GO
ALTER TABLE [dbo].[umbracoNode]  WITH CHECK ADD  CONSTRAINT [FK_umbracoNode_umbracoUser_id] FOREIGN KEY([nodeUser])
REFERENCES [dbo].[umbracoUser] ([id])
GO
ALTER TABLE [dbo].[umbracoNode] CHECK CONSTRAINT [FK_umbracoNode_umbracoUser_id]
GO
ALTER TABLE [dbo].[umbracoPropertyData]  WITH CHECK ADD  CONSTRAINT [FK_umbracoPropertyData_cmsPropertyType_id] FOREIGN KEY([propertyTypeId])
REFERENCES [dbo].[cmsPropertyType] ([id])
GO
ALTER TABLE [dbo].[umbracoPropertyData] CHECK CONSTRAINT [FK_umbracoPropertyData_cmsPropertyType_id]
GO
ALTER TABLE [dbo].[umbracoPropertyData]  WITH CHECK ADD  CONSTRAINT [FK_umbracoPropertyData_umbracoContentVersion_id] FOREIGN KEY([versionId])
REFERENCES [dbo].[umbracoContentVersion] ([id])
GO
ALTER TABLE [dbo].[umbracoPropertyData] CHECK CONSTRAINT [FK_umbracoPropertyData_umbracoContentVersion_id]
GO
ALTER TABLE [dbo].[umbracoPropertyData]  WITH CHECK ADD  CONSTRAINT [FK_umbracoPropertyData_umbracoLanguage_id] FOREIGN KEY([languageId])
REFERENCES [dbo].[umbracoLanguage] ([id])
GO
ALTER TABLE [dbo].[umbracoPropertyData] CHECK CONSTRAINT [FK_umbracoPropertyData_umbracoLanguage_id]
GO
ALTER TABLE [dbo].[umbracoRedirectUrl]  WITH CHECK ADD  CONSTRAINT [FK_umbracoRedirectUrl_umbracoNode_uniqueID] FOREIGN KEY([contentKey])
REFERENCES [dbo].[umbracoNode] ([uniqueId])
GO
ALTER TABLE [dbo].[umbracoRedirectUrl] CHECK CONSTRAINT [FK_umbracoRedirectUrl_umbracoNode_uniqueID]
GO
ALTER TABLE [dbo].[umbracoRelation]  WITH CHECK ADD  CONSTRAINT [FK_umbracoRelation_umbracoNode] FOREIGN KEY([parentId])
REFERENCES [dbo].[umbracoNode] ([id])
GO
ALTER TABLE [dbo].[umbracoRelation] CHECK CONSTRAINT [FK_umbracoRelation_umbracoNode]
GO
ALTER TABLE [dbo].[umbracoRelation]  WITH CHECK ADD  CONSTRAINT [FK_umbracoRelation_umbracoNode1] FOREIGN KEY([childId])
REFERENCES [dbo].[umbracoNode] ([id])
GO
ALTER TABLE [dbo].[umbracoRelation] CHECK CONSTRAINT [FK_umbracoRelation_umbracoNode1]
GO
ALTER TABLE [dbo].[umbracoRelation]  WITH CHECK ADD  CONSTRAINT [FK_umbracoRelation_umbracoRelationType_id] FOREIGN KEY([relType])
REFERENCES [dbo].[umbracoRelationType] ([id])
GO
ALTER TABLE [dbo].[umbracoRelation] CHECK CONSTRAINT [FK_umbracoRelation_umbracoRelationType_id]
GO
ALTER TABLE [dbo].[umbracoUser2NodeNotify]  WITH CHECK ADD  CONSTRAINT [FK_umbracoUser2NodeNotify_umbracoNode_id] FOREIGN KEY([nodeId])
REFERENCES [dbo].[umbracoNode] ([id])
GO
ALTER TABLE [dbo].[umbracoUser2NodeNotify] CHECK CONSTRAINT [FK_umbracoUser2NodeNotify_umbracoNode_id]
GO
ALTER TABLE [dbo].[umbracoUser2NodeNotify]  WITH CHECK ADD  CONSTRAINT [FK_umbracoUser2NodeNotify_umbracoUser_id] FOREIGN KEY([userId])
REFERENCES [dbo].[umbracoUser] ([id])
GO
ALTER TABLE [dbo].[umbracoUser2NodeNotify] CHECK CONSTRAINT [FK_umbracoUser2NodeNotify_umbracoUser_id]
GO
ALTER TABLE [dbo].[umbracoUser2UserGroup]  WITH CHECK ADD  CONSTRAINT [FK_umbracoUser2UserGroup_umbracoUser_id] FOREIGN KEY([userId])
REFERENCES [dbo].[umbracoUser] ([id])
GO
ALTER TABLE [dbo].[umbracoUser2UserGroup] CHECK CONSTRAINT [FK_umbracoUser2UserGroup_umbracoUser_id]
GO
ALTER TABLE [dbo].[umbracoUser2UserGroup]  WITH CHECK ADD  CONSTRAINT [FK_umbracoUser2UserGroup_umbracoUserGroup_id] FOREIGN KEY([userGroupId])
REFERENCES [dbo].[umbracoUserGroup] ([id])
GO
ALTER TABLE [dbo].[umbracoUser2UserGroup] CHECK CONSTRAINT [FK_umbracoUser2UserGroup_umbracoUserGroup_id]
GO
ALTER TABLE [dbo].[umbracoUserGroup]  WITH CHECK ADD  CONSTRAINT [FK_startContentId_umbracoNode_id] FOREIGN KEY([startContentId])
REFERENCES [dbo].[umbracoNode] ([id])
GO
ALTER TABLE [dbo].[umbracoUserGroup] CHECK CONSTRAINT [FK_startContentId_umbracoNode_id]
GO
ALTER TABLE [dbo].[umbracoUserGroup]  WITH CHECK ADD  CONSTRAINT [FK_startMediaId_umbracoNode_id] FOREIGN KEY([startMediaId])
REFERENCES [dbo].[umbracoNode] ([id])
GO
ALTER TABLE [dbo].[umbracoUserGroup] CHECK CONSTRAINT [FK_startMediaId_umbracoNode_id]
GO
ALTER TABLE [dbo].[umbracoUserGroup2App]  WITH CHECK ADD  CONSTRAINT [FK_umbracoUserGroup2App_umbracoUserGroup_id] FOREIGN KEY([userGroupId])
REFERENCES [dbo].[umbracoUserGroup] ([id])
GO
ALTER TABLE [dbo].[umbracoUserGroup2App] CHECK CONSTRAINT [FK_umbracoUserGroup2App_umbracoUserGroup_id]
GO
ALTER TABLE [dbo].[umbracoUserGroup2NodePermission]  WITH CHECK ADD  CONSTRAINT [FK_umbracoUserGroup2NodePermission_umbracoNode_id] FOREIGN KEY([nodeId])
REFERENCES [dbo].[umbracoNode] ([id])
GO
ALTER TABLE [dbo].[umbracoUserGroup2NodePermission] CHECK CONSTRAINT [FK_umbracoUserGroup2NodePermission_umbracoNode_id]
GO
ALTER TABLE [dbo].[umbracoUserGroup2NodePermission]  WITH CHECK ADD  CONSTRAINT [FK_umbracoUserGroup2NodePermission_umbracoUserGroup_id] FOREIGN KEY([userGroupId])
REFERENCES [dbo].[umbracoUserGroup] ([id])
GO
ALTER TABLE [dbo].[umbracoUserGroup2NodePermission] CHECK CONSTRAINT [FK_umbracoUserGroup2NodePermission_umbracoUserGroup_id]
GO
ALTER TABLE [dbo].[umbracoUserLogin]  WITH CHECK ADD  CONSTRAINT [FK_umbracoUserLogin_umbracoUser_id] FOREIGN KEY([userId])
REFERENCES [dbo].[umbracoUser] ([id])
GO
ALTER TABLE [dbo].[umbracoUserLogin] CHECK CONSTRAINT [FK_umbracoUserLogin_umbracoUser_id]
GO
ALTER TABLE [dbo].[umbracoUserStartNode]  WITH CHECK ADD  CONSTRAINT [FK_umbracoUserStartNode_umbracoNode_id] FOREIGN KEY([startNode])
REFERENCES [dbo].[umbracoNode] ([id])
GO
ALTER TABLE [dbo].[umbracoUserStartNode] CHECK CONSTRAINT [FK_umbracoUserStartNode_umbracoNode_id]
GO
ALTER TABLE [dbo].[umbracoUserStartNode]  WITH CHECK ADD  CONSTRAINT [FK_umbracoUserStartNode_umbracoUser_id] FOREIGN KEY([userId])
REFERENCES [dbo].[umbracoUser] ([id])
GO
ALTER TABLE [dbo].[umbracoUserStartNode] CHECK CONSTRAINT [FK_umbracoUserStartNode_umbracoUser_id]
GO
